ID,W_L,W_R,E_d_sh,N_t_sh,N_t_d,mu_e
e884c93f-b17c-4b26-80a6-24ef06991866,4.342344947531819,4.397684556618333,4.447239416390658,1.053945137970195e+23,2.0980131678287306e+21,2.1303995157443574e-08
2dda5f93-66c5-4849-a552-06333979d3d4,4.498429337795824,4.299163369741291,4.302639618627727,3.0625794702560465e+22,1.1161072847840376e+20,1.902018472387585e-07
4084e772-898b-4c00-ad00-68e3b926e200,4.373849708866328,4.499619412142783,4.386536044813693,6.78218987100532e+23,4.0000381092282833e+20,8.67616819372042e-07
21add5a7-54b4-4983-9559-4de7fce0567f,4.222875954955817,4.204113361425698,4.26580331735313,4.759384161763076e+22,5.853362696036861e+21,7.728673889410979e-08
6141386e-c57d-4ae6-a05d-fb6cba0bbdce,4.259871805552393,4.447439566534013,4.3390979880467055,6.927286121464467e+22,5.315739911035074e+21,1.172708899369454e-08
23e488b0-ea4a-4da8-9532-49bb099afdcb,4.411854927800595,4.255131762474775,4.475572764500976,4.805848264054394e+23,8.052472125803704e+20,1.026012788789398e-07
47dfcd7d-b67e-4cf5-9214-9df04bdface6,4.460424114950001,4.354952963255346,4.229152532666921,1.0571165438916533e+22,2.787766023696347e+20,5.120629897725559e-07
ee533264-bec6-43ba-b9c5-a97fd06db6d5,4.305349094141275,4.340733538661152,4.358010285310447,3.149383118433595e+23,1.535179458481639e+21,4.490166828939704e-08
06da373c-9059-4877-a5be-6d4c48a90ff0,4.2824228625744585,4.464094303641469,4.247841616384685,4.1879507701594345e+23,1.3928750314049162e+20,6.877936731584945e-08
2f92987a-02f3-42b7-ac63-821419fdd5ce,4.426807394530624,4.234506507776678,4.371875007897615,7.958291347536898e+22,3.0099764537548493e+21,5.885226715529278e-07
5d8efaca-bebd-4c2d-b2c1-495773323d9f,4.400940987747163,4.413575463742018,4.32479498796165,2.020935933243231e+23,8.397683250004622e+21,2.794788325695994e-07
ddbcdac1-22fa-4be0-aeaa-b4b81560b59e,4.252328731119633,4.287222531717271,4.4574613091722135,1.6492411402995536e+22,4.991938964102311e+20,2.396793055571921e-08
86cae050-881f-4ed5-8174-68f5a0964702,4.214305202756077,4.381390604563057,4.400351178273559,2.012613370227038e+22,6.438358741275446e+20,3.777525795240997e-08
c2b6e728-65ea-42ad-aefc-34de680d20a9,4.363963448815047,4.320589434821159,4.284442808069288,1.6019789181767163e+23,3.697128905543048e+21,3.181811665221978e-07
4c6f23a2-1b9a-48f8-b1a3-1db24b916087,4.463784938491881,4.441211192216724,4.429046633653343,4.095615245447778e+22,1.0677291341520735e+21,1.653166591821004e-07
c2c373cc-df28-470b-9bb0-af9e12e30e5f,4.320446397084743,4.258571643009782,4.288255287259817,7.872509858305274e+23,2.2289642179332882e+20,1.3893356331452125e-08
40ed500a-4e49-494d-a054-b79012e6fdb2,4.314277969859541,4.371453861985356,4.254350196365267,2.7463547887469138e+23,4.5206096286415795e+21,2.666586084865392e-08
2be88bf4-fe42-44ca-b5ee-d58d8ec4ea9b,4.469948942307383,4.329349758289754,4.397933868374675,1.0936917367114865e+22,9.468827749862335e+20,3.117265906404853e-07
b5d917a7-ab02-4931-ab2c-60b5da384caf,4.364839864242822,4.431237756460905,4.315045626591891,4.2672797002811956e+23,2.7376649114069516e+20,6.106816418706875e-07
09a56801-09c3-48cc-8d2f-fdf5cdb999a9,4.213433237560094,4.267368516605347,4.434762241858989,7.0390778043997975e+22,1.5632769587404045e+21,7.122894464604987e-08
0907f2a5-ae67-47d7-b0c2-2a7e6d85384b,4.251438603457063,4.474051895923912,4.361330714356154,4.3192466095901155e+22,1.9881001773715512e+21,1.4416528306333879e-08
dd48ce84-9aa4-410a-9ce8-6d9b17af49fe,4.401835860684514,4.225734418351204,4.225872021038085,7.17251309655303e+23,1.1778108765772564e+20,1.7120368398859827e-07
36a0e72c-5fbe-4336-be6b-f4ee8bc6e84c,4.432952948659659,4.42356974920258,4.471299933735281,2.8301554907386787e+22,3.2823462581673243e+20,3.539985698306542e-07
cd836625-177f-419e-b68e-7df6ce317102,4.276272607874126,4.278413892164827,4.343458343651146,1.0946726521795815e+23,7.133199433821726e+21,4.21337778304588e-08
ead6c0a3-17d5-4343-8cfd-cb10b2ce1bb2,4.310917597822845,4.457383144274354,4.452600950207562,8.259726148900977e+23,6.556076618616051e+20,8.620412229321573e-08
ee83f438-ed12-4dec-af9c-da1dae570831,4.454850946459919,4.246346221771091,4.329583684448153,3.7549306814620817e+22,3.630746215851296e+21,9.65283562653203e-07
b5fd7fba-a7bd-412d-87ec-f606edf3e931,4.410406060237437,4.3649332341738045,4.3756555199809375,1.711437695332722e+23,1.2555554206699508e+21,1.9697500787950623e-07
c8868656-18d8-426c-ab5e-82c7c1e02ee4,4.261325454153121,4.331911447830498,4.244005310963839,1.8122654568477513e+22,1.8955224316966548e+20,2.210622869852615e-08
a6e4dfbe-569d-4f20-a578-197040fcd1bc,4.224347767140716,4.387752101104707,4.301248331386596,1.6588923438140834e+22,1.697398261120931e+20,4.650084450309583e-08
06058d8f-3cfc-4ea9-8b8b-320699d6820a,4.3723823826760055,4.307928561419248,4.416140618454666,1.8086109147612104e+23,2.4699677911052724e+21,5.313430747733954e-07
1b200c78-2014-4ed6-8be8-a498aa13cf8d,4.492874617874622,4.48965026345104,4.272529112007469,8.151197756618424e+22,8.862098196286581e+21,1.1443995372183838e-07
0399bb41-4b5e-4956-ac48-7d396a39f7bf,4.3478952798061075,4.212915103230626,4.412304295841604,3.6809261538448683e+23,4.730330801052063e+20,1.304713996887509e-08
fc0ddcaa-6e5e-4ac1-ad7e-b0d33ed98500,4.339959002751857,4.493833743128926,4.318300462253392,2.4995003784378263e+22,1.3814771712401348e+21,4.4309004167431183e-07
924b30fd-8f0f-4c30-81e4-80b68cf31065,4.482064157165587,4.207702978514135,4.461884660199285,1.2921461523948266e+23,3.098258107037159e+20,5.1826534049606215e-08
eafaf84f-86e9-446d-af85-0da75748fe21,4.380776393227279,4.403471224755049,4.2490038570761675,5.0869646473768496e+22,8.32997122113426e+20,1.0147316021235349e-08
b8120969-37c3-4f2f-95fb-df7c91635c22,4.234700434003026,4.295575323980302,4.368720938228071,6.348787525780794e+23,5.138836156860549e+21,1.1842268008247482e-07
ed80d634-9274-4243-9660-e2609374de0b,4.271548654139042,4.351363346166909,4.425360820889473,5.192326390176452e+23,6.053401551165332e+21,7.507388879001261e-07
7a1f6fa1-9f05-4b42-9f8e-5032a0f69062,4.418926951568574,4.34651920767501,4.28990166362375,6.408291220457775e+22,3.867989441272956e+20,8.920456490060706e-08
9a8d6c1c-1b93-4a6e-b5f0-8c9550cff272,4.44391359379515,4.451027612295002,4.405306268520653,2.5058767545649167e+23,1.0040757249242363e+20,1.843442821403152e-08
99121b0b-6e9e-4c4e-b035-053eb59e5842,4.303110776469111,4.24934509433806,4.277464150562882,1.3277898132628844e+22,2.3323482765657626e+21,2.1953533634668745e-07
53b07a8c-3106-4eb3-a43e-a53ec4b4c3c8,4.284726125467569,4.410133761540055,4.386682910397649,9.929166135999568e+22,2.1547099933290827e+20,1.432500014071299e-07
88790ea0-723d-4a95-a417-f8976555b1ed,4.443255259282887,4.293155543413014,4.263665118701756,3.354901606809765e+23,1.104485568198107e+21,1.604959370482881e-08
96cc4bea-f6aa-4e23-82cb-b293b32de682,4.3938034465536475,4.467537295538932,4.439729515574872,1.5153653714849928e+22,4.108469158454016e+21,3.273239524732095e-08
00fbe9f7-2016-4859-8aeb-71951a97087e,4.240715111140162,4.2285742135718465,4.3080788406729695,2.1981630475868786e+23,5.793138314244689e+20,3.675561814067173e-07
10a40901-0c21-48a0-b44c-f16e9958064b,4.202546241134406,4.4352781805209816,4.235123497806489,1.5098142864009816e+23,5.548923556987934e+20,2.421694098378362e-07
f4e0ee2a-0550-46ef-abcd-9545957a2aa6,4.356973535846919,4.262013345211744,4.350016248822213,2.136746366945619e+22,7.553953333121646e+21,2.768724946809027e-08
48d2f898-2287-4b61-9af3-09da1be14307,4.480085173901171,4.387322898767889,4.336428050175309,9.716733185958371e+23,2.910509693011547e+21,5.959861622819292e-08
3fb056e8-8a3e-4051-ba10-2242f4d1c6a6,4.3228949982672935,4.317146442923695,4.47620376188308,3.320022394318198e+22,1.4404261675488462e+20,6.798608784713717e-07
38c6da63-1037-48af-ac0b-211b9514e2e2,4.324558125436306,4.420886863768101,4.346497932299972,3.256289900077015e+23,9.769726413432429e+20,2.3106169019086923e-07
15682f2c-3433-4cb9-af74-29101042d6c3,4.478418642561882,4.275380818080158,4.466215027011931,9.551698193130786e+22,4.341539962408243e+21,2.0249996439075666e-08
cd5d4b2d-2251-4962-8b67-0dda4107959f,4.358677291776985,4.475836847070605,4.220802487544715,2.0956626707154585e+23,1.6131519042832863e+21,9.409947370871506e-08
f75d2d8b-8b81-4178-9f21-7bcc79e54f63,4.200845951959491,4.2273156641051175,4.36438666805625,1.4841126042507816e+22,2.629635341413367e+20,8.228252374477411e-07
4ab1708a-bbb8-4e78-b9b7-8c25e0c08a4a,4.237695322651416,4.434266834612936,4.43781622838229,2.085632748903927e+22,1.2265629110157712e+20,1.2492143166602234e-07
a5dc6960-740c-4478-bf7d-39e4c698b8cf,4.396828999556601,4.2700474049896,4.30997409299016,1.4345640692489912e+23,1.9260564100141236e+21,1.1121615980499317e-08
1644798a-4c7b-4f4c-937d-f5dbe8cdb5d9,4.4402669398114085,4.369868601299823,4.392846961542964,3.183051838644809e+22,7.429374716442856e+21,5.4547867727622796e-08
2f416c1f-84a3-4c5c-bb60-15321916c7ee,4.2877087608911095,4.32756079332903,4.257387817837298,9.399375077613082e+23,3.1804168788781846e+20,4.86726730524723e-07
8e1160d1-3628-4d6e-9043-e0b31397cb4a,4.300085835903883,4.487777255941182,4.407235506214201,1.2598186646777939e+23,3.518430327499981e+21,7.459239473421498e-07
39a924b6-b214-4c84-9c5f-b70872af188d,4.446932850312441,4.211424327827991,4.275584817752242,2.3722565035773068e+22,6.825530966781386e+20,6.265314856451771e-08
b07dd7b9-410f-4ddc-87fb-f7486830cdc3,4.415943784173578,4.390493288263679,4.419180950969458,6.080025384899707e+23,1.837174469547624e+20,3.030942062868696e-08
986d75ae-627e-4189-857b-5b7a4c3ea258,4.274537586048246,4.31090549742803,4.296163176707923,4.915286526539056e+22,1.3073187517547164e+21,2.5515415284497517e-07
02c60c02-817d-4c87-8c1a-ca2deecc8128,4.236367568839341,4.3664280055090785,4.238918156176806,6.226929920702936e+22,2.3714599435962213e+21,4.023682025861193e-07
7356debe-9942-40ce-86c1-48002844b9fa,4.379112725146115,4.333788452390581,4.378693885318935,5.000550045334123e+23,1.7518291789624122e+20,3.448729033821418e-08
6ac18042-bdef-4b7c-8276-d6ac4f76ddfc,4.48376390542835,4.454410223197192,4.332637423016131,1.2672984562371538e+22,4.542395074626991e+20,1.7609235181934287e-08
41325fe5-ad75-44fe-8a9e-8e956af74200,4.338255850318819,4.243609048426151,4.447530160471797,2.4569582978718526e+23,9.147411572086499e+21,1.5059112495256455e-07
a3a381c5-9b85-4c5f-9466-f29fb1a2c024,4.346048474963754,4.44909281283617,4.2825516036711635,3.881713602858422e+22,2.975948404159659e+20,3.839946057647428e-08
61218754-485d-486a-8f5a-cea45b28e105,4.49472482688725,4.247614000272006,4.402268232498318,8.61514679597748e+23,1.4255777351126635e+21,3.3671661050307293e-07
6d090842-8e95-497b-bcb2-41d0e5fb51bc,4.370569335669279,4.3541892089881005,4.286848254371434,1.9073271259247904e+22,4.935361221841609e+21,1.563811176159926e-07
11f19d97-545a-4be6-b57c-e3636e204764,4.226157347392291,4.349695259146392,4.430431908946485,1.7533815751112152e+23,8.594522924646753e+20,1.3681926505431274e-08
e39e2279-f798-468c-841d-d4d25b81a636,4.264161564968527,4.405197178479284,4.373790057171136,1.8466961511901042e+23,3.747805323083824e+20,6.506178485759736e-08
ba0016cf-4ebf-4f4c-99b2-1b20d19bbfc8,4.407564184907824,4.297504981979728,4.245948449652642,1.7400308039464492e+22,6.304849973628619e+21,5.795663236706385e-07
7499a313-1af9-4e1e-9de3-28a5502937e1,4.457729974854738,4.490652532316744,4.45884462600574,3.826392872692117e+23,2.259602221710475e+21,2.840970600580665e-07
7c984437-d24c-4961-b4a6-921e47db9792,4.308044253475964,4.204871957469732,4.323385946247726,8.398038995620314e+22,1.0456185986993439e+20,2.536416120215781e-08
169103fd-249a-4f0e-a7f3-0bc5da41f7e2,4.2791150151751935,4.384440879989415,4.473149608764798,1.1154680137196484e+22,1.1500413925092739e+21,1.239716621989946e-08
653cab64-9023-466e-9a3b-791d366645b3,4.430116225406527,4.314028675295413,4.3414993861876425,2.877443464105279e+23,2.0883481087369042e+20,1.0418683122951045e-07
9d1afaf8-7537-41fd-9457-9110467e8023,4.4047085925936695,4.437303468212486,4.355102958064526,7.30903031832468e+22,6.031126475068319e+20,5.037389917181202e-07
3cdf544b-702e-4cfd-8e30-3ac39daa165e,4.2485601070337,4.263656400796026,4.232085709739477,4.391567678231677e+23,3.981442421987858e+21,4.2429949045768086e-08
7ee12933-91e8-4f3f-abf3-8e534b05e4d4,4.211583569459617,4.470660203509032,4.305039054434746,7.423026680452687e+23,7.797283155100048e+21,2.095768795727221e-08
be4db75d-5c07-463d-a3b8-729c525149e6,4.366686065588146,4.231461373809725,4.444814255703241,4.510177249617367e+22,5.328368481034773e+20,1.797316905117538e-07
aea0ca7a-45fc-4688-a773-51fdd9fbdc2a,4.46813875855878,4.4084958652965724,4.2687344856001435,1.15338977640219e+23,1.4865913429160034e+20,9.171920255806975e-07
c1514db8-6bd5-4144-90ef-ad8a8a1ff472,4.316091557778418,4.291135413944722,4.383626759108156,2.902776702725164e+22,2.7944823853779166e+21,7.848106790556984e-08
b5ee830c-c502-430a-84e5-6887035ae55e,4.317567936424166,4.479425035882741,4.419042018018663,7.72545961497837e+22,3.5514619620843684e+20,4.720627766687292e-08
350b2654-227e-41ad-aaeb-6cb8c45c32d5,4.466657706163824,4.221529139019549,4.298309304118156,4.028172359016748e+23,6.653412717683134e+21,5.618602682485125e-07
5e33bcb4-d7b2-42a2-ac2e-cbd20c82c16a,4.361126761324703,4.417297389730811,4.414737470522523,1.572115381088588e+22,1.8541819407025276e+21,1.0811018542815982e-07
81a68a3c-5963-4e94-8dba-068c6e8aa54f,4.217147645819932,4.2811666301451625,4.270137655325234,1.979535878435293e+23,1.274243186188986e+20,1.283862877186462e-08
a976fc90-262d-41a5-8652-779ed8b35ae3,4.2541423548012975,4.375655126385391,4.326642652228474,1.5638767119048566e+23,2.5308048008656788e+20,8.143607599285049e-08
da5ee212-3687-4f4f-a4f1-975d894f86b4,4.399130839761346,4.323972604516894,4.455500387437642,1.9120358842309854e+22,1.6763236035630192e+21,9.49857235115305e-07
3e4deded-d5f3-420b-8f73-a19119aba48c,4.428653631638736,4.42848102254793,4.241611895821989,7.546664774897928e+23,4.846663672676983e+21,1.9996313575525983e-07
bd1c90fb-0fc8-4028-b063-7162fd6b4ad3,4.280573230236769,4.27363687902689,4.378086685836315,3.962402482901931e+22,8.751822898132487e+20,2.337588652549657e-08
eaba3642-f5de-4df5-87b9-86f7775a7207,4.307158710155636,4.396425439417362,4.227289072871208,2.98637942082717e+22,9.501996706309824e+21,1.5260609674659586e-08
dbaac9e6-fce5-45dd-88c5-6b4dad5727b8,4.458611103706062,4.307462362479419,4.359955380521715,1.0001499254117373e+23,4.372425441317491e+20,1.7398414825971855e-07
a3b1fd17-2527-437e-8dc3-82ee63cc523e,4.413705172576011,4.481844101194293,4.345343620367348,4.557263530379983e+22,1.5688038191498586e+20,3.4870862980999686e-07
c957d68d-6ae7-4269-8543-15cbf2f8c03f,4.258025036472827,4.214865886978806,4.4693770293146375,6.554225820798842e+23,2.6480342184673474e+21,3.984528790542746e-08
30533d3a-6ed6-49a6-ac5c-0e410966abb4,4.220002646371722,4.457853358145803,4.396556572206318,4.670492140611829e+23,1.1710687985935348e+21,2.6267376081097122e-08
7b1cd4b8-c549-4686-bc2c-abe29c29cc83,4.376728773023933,4.237676897272467,4.2557652432471516,6.670496891080597e+22,2.0508518225446643e+20,2.947952979054263e-07
ac398b9f-72ce-4110-82f4-bf2e3b423be9,4.495587498228997,4.3629864463582635,4.432837328612805,3.0054825861450752e+23,7.092074998443322e+20,6.464365828037348e-07
fe46760d-f634-452b-b47d-9b248c7bf5fa,4.345181094110012,4.339721607137472,4.316928944848478,1.0366250056712387e+22,3.3858394470082323e+21,7.238576853852725e-08
5fcd11c2-71a9-452d-a5ba-83f7f2a1ace9,4.3344451630488035,4.357631128001958,4.352925118524581,9.203275158291075e+23,1.0812768125094789e+20,2.458259251118079e-07
4fa35b2b-56af-4f56-a20d-294b08995339,4.4875792664475735,4.343761892057955,4.23219287050888,3.6317427364091807e+22,2.184855332702868e+21,2.927538356083427e-08
0b30ec3a-190c-43f8-ae54-f16606e61fcb,4.387006910238415,4.4456498946994545,4.478628475572914,1.430152305267398e+23,5.671589940580557e+21,5.6298211398677745e-08
71cf27c9-76d4-4a2d-a33c-792a45859d28,4.228468611650169,4.253545796032995,4.334029186312109,2.3370055313983155e+22,4.1661198338103004e+20,6.689487606570233e-07
9b73b6fe-3969-4333-868f-547c7aa3f778,4.266620457451791,4.496585899405181,4.260732548441737,1.385322581315334e+22,7.73349411049252e+20,1.3531717482852977e-07
fe92dcc1-19c1-44b6-a8fd-dccd0a1c9cc8,4.423856417834759,4.201430038455874,4.38958975577727,2.3209226829025247e+23,5.48465912714957e+21,1.5791993239373477e-08
cba60f29-01a4-4314-a405-db4a32ff4101,4.450729752704501,4.399265382718295,4.305677956361324,9.078171712339365e+22,1.4746012493335702e+21,3.322661361564312e-08
c6adbcf5-99b0-4cb8-8f4f-ed163d2ba624,4.29629331221804,4.3009479001164435,4.442152282427997,3.541588740736448e+23,2.8767085735424092e+20,3.8863923720709284e-07
71fa4732-c5f6-465e-adb1-2213b7daccc7,4.2909474955871705,4.443088920414448,4.291311246287077,2.6454527024393736e+23,3.106499655007163e+21,7.947501629734451e-07
e43173cc-5fe6-4b71-87f8-6f7d4c96e6a7,4.437032619584352,4.260067139100284,4.42397708805278,1.2140134065684334e+22,1.3373246979156907e+20,9.06596780766844e-08
4f6dccd4-cf54-4179-8680-a372d8c39a75,4.388335392717272,4.378654138091951,4.279357889238745,5.4820230981127995e+23,5.152650200241382e+20,1.8160231356708642e-08
b7b7b9af-2e56-4f44-b59d-efd22ee9eb4d,4.246184470318258,4.317617219500244,4.40339077224955,5.858240544797275e+22,8.06403887564203e+21,2.076258961686617e-07
ce24ecaf-4be1-4b8c-b95a-e54c66054b09,4.209353272151202,4.412085126992315,4.460498903039843,5.5638088663389125e+22,3.8490783003093673e+21,4.3649933931291537e-07
b7ff3619-9e74-426c-87b8-f0acf452f1d7,4.350165235251188,4.285349961742759,4.319708101954311,6.014137921327544e+23,6.239186469508406e+20,4.901504276847893e-08
6aca9f8c-5b0c-496b-b2a1-7b839503a6c6,4.475202779844404,4.467071659304201,4.366803495120258,2.734139147769414e+22,2.3208598130087592e+20,1.0742188397658457e-08
2beaec4f-242e-4fbd-886f-e430223fde60,4.327778697665781,4.237248115707189,4.250895575303584,1.2237983903563957e+23,1.0348627983108221e+21,1.2035443078290484e-07
e66b3069-282c-4ca0-9627-c1b08cb245f1,4.327621788159012,4.366071059368551,4.458419828414917,2.210731166064745e+22,2.586158428447345e+20,7.053584242771883e-08
751564df-bcb6-4dda-9c8b-a2e185788cca,4.475648116227239,4.333120231423527,4.321691155396402,1.3526264516806888e+23,1.6543350050643276e+21,6.173001637556682e-07
b38abcd4-f453-4daf-a416-f29e93b4cf20,4.352100306283683,4.456250462215394,4.372881282754243,3.4347358821012524e+22,4.2888540879915403e+21,3.0799453154986247e-07
f1f0d92d-1ba4-4361-a2fc-bc996f059c27,4.207129845768214,4.245138012617827,4.244785243049264,8.705726919765287e+23,9.973835848922306e+20,2.7015068258893475e-08
d1589879-0675-4100-ad58-e58e6d5bce09,4.245153518859297,4.488445490319282,4.28523079264909,3.484749974285058e+23,3.2341102424323064e+20,4.088733881099244e-08
9e742795-caea-482b-bb7c-ff443809bf1e,4.389077988825738,4.211781278438866,4.430084506347776,8.930504771667602e+22,7.244938050165294e+21,3.651427483214232e-07
9f6c1d2e-cb30-48b5-8c4e-1cf70b4176f4,4.438670429773628,4.388964319601655,4.281434049904346,2.283081049487664e+23,1.9498531424282356e+21,1.6651591251655487e-07
d810d0e7-79e4-4e2a-9f09-a1f46cf3257e,4.2895981122739615,4.309065244998783,4.401405052803457,1.3630481771093327e+22,1.2015466063327193e+20,1.4837233400314402e-08
4feaff29-e06c-4a70-9449-383e2fd0f9fa,4.298168873414397,4.43010107120499,4.266813559494913,5.7706453869431016e+22,1.3226341522865083e+21,2.2725770517343905e-08
99c26602-dd64-4760-9c11-36d7d268b000,4.448556680884212,4.266156304255128,4.383483638763428,5.3989798084594125e+23,1.7985666500181053e+20,1.9136630937092862e-07
b303993f-a3bc-4252-95f0-49cd39148870,4.423722397070378,4.372587683983147,4.303602105155587,1.1955860098345224e+22,6.936374824418131e+20,9.945527033133175e-07
60ef6446-1d63-413a-b26a-9906dbcc9f16,4.267052060365677,4.330554538685829,4.444139551110566,2.6057924023179915e+23,3.428914926021817e+21,8.355995495910754e-08
7ac59237-269a-473b-9590-e5b83ecff4af,4.230056068394333,4.424777960032225,4.355005494430661,1.1564000492296052e+23,9.040850988715803e+21,1.3203148287351853e-08
13fd3698-142d-4995-8500-6de34086e9d7,4.385717035643756,4.279546568077058,4.230210374481976,2.582957428946974e+22,4.639576515284935e+20,1.129427994734535e-07
99867d90-a802-4b21-821a-43981d07983d,4.486562047339976,4.472843115124851,4.472552237175406,5.6814197394563604e+23,1.7237130803229245e+20,5.364982021732909e-07
c5b03ad0-cbc8-4c2c-9b2d-dd2363fac2f6,4.33516487153247,4.224596585892141,4.340139828026294,5.257186802287407e+22,2.433198895242105e+21,4.599661867751025e-08
ea85c57c-bbac-48c5-9bd3-55aa7d4fa68e,4.343030588608235,4.468673404119909,4.39454419804737,2.0118492041599723e+23,8.501870479385841e+20,1.1728735055616061e-07
cbfa72c1-840a-4d27-b9c1-5372f65a5199,4.497449576854706,4.2297858581878245,4.257815988976509,1.5980887789969988e+22,5.031217111568079e+21,1.0258688464700576e-08
cf88d82b-8a61-4429-9f90-c1a9c69062e0,4.377100544795394,4.408999362867325,4.438981816712767,4.094850313961988e+23,1.4038322866269916e+21,5.12134772764302e-08
d0967d53-be5c-4d6d-8c3e-12a82f16ef64,4.219919229950756,4.2919501952826975,4.310886304881424,7.851881728830744e+22,3.0473151735635365e+20,4.489537236964139e-07
c1ed4823-216e-4b6f-b294-7a5a8371c870,4.256749145127833,4.386116409022361,4.221149358395487,4.188639999246159e+22,1.0569397243041128e+20,2.1306985290109846e-07
add892fd-4c3a-451e-9c85-ded116515f3c,4.415269419271499,4.316015479154885,4.366002546157688,7.979380752607007e+23,2.2163955612010244e+21,1.9017515837436126e-08
d127db4e-e9fe-4402-a1ba-032a9027f2c6,4.45928070852533,4.4364886824041605,4.347360520195216,2.0217307254744936e+22,6.402064799833046e+21,8.677384527328938e-08
0cd0be39-b894-4795-b86e-897893f4e4cb,4.3062006784603,4.263152889814228,4.467331057209522,1.653232667316026e+23,3.659775452704679e+20,7.727590406692796e-07
249e3310-795c-4f24-83bb-2db1877cb848,4.281077754031867,4.402331678476185,4.332783916909247,6.936374526923964e+23,4.040844379571672e+21,3.779119557846907e-07
0b4c5bad-8a49-4a59-a4bc-9fecbed68f49,4.42844661846757,4.294364828243852,4.449453532230109,4.823894402172246e+22,5.886568864381387e+20,3.1804697498438045e-08
6b40fe5a-06cb-4c34-be47-6163ba41088b,4.396884203329682,4.494964704103768,4.239596298243851,1.058707698994193e+23,2.1099209849072432e+20,1.6538643146869368e-08
35932633-bcc6-4fea-8054-79ff380a2bf9,4.256091409083456,4.208909475523979,4.380133216325194,3.160601037567573e+22,1.1274963053892035e+21,1.388749531959003e-07
220ccfde-e866-443c-a14a-87e2c4fb9df4,4.217940846271813,4.452232962101698,4.421054702606052,1.0523469593963873e+22,2.7535968570201756e+21,6.880838400583756e-07
9e105ca6-1c1b-4f47-82ba-090e72b18047,4.360035978723317,4.2504794868640605,4.296260108593851,3.051752258613428e+23,1.5232045714216573e+20,5.88274459602568e-08
18bfae43-6188-442a-8f5b-efe36a8b2dfd,4.465294840279967,4.350151704344898,4.408593540806324,6.773454257704059e+22,5.27426102037868e+20,2.795967944661701e-08
21e94971-0a3e-4752-9dd9-592a29b695f3,4.319228312931955,4.345383091829717,4.276181597542018,4.74147120933714e+23,7.953752601681192e+21,2.395781971807945e-07
d2748328-a8fb-4572-a990-5681d51364c0,4.3160081771202385,4.462183760013431,4.307057813443244,1.658386279723557e+23,1.242871479166321e+20,1.4414507377014075e-07
f4b6dbf5-dff2-48a7-84e5-d8f80ea67311,4.468510566093028,4.241696024313569,4.4427708866447215,1.8040843196007392e+22,1.8848225357999296e+21,1.712276898653431e-08
fa9d2c8a-f0b7-417c-9647-4958c5cc98ce,4.368548179976642,4.360139051266015,4.262596382349729,8.149138577940933e+23,6.519086651464699e+21,3.539488941969192e-08
6fe984fd-4e33-44be-8c25-990a31a35ef3,4.209433099720627,4.336562937218696,4.3896767757460475,3.671522951598697e+22,3.594077386539889e+20,4.2139690453068736e-07
fe35dc64-623b-4a7d-bc29-c4bf34f9e1dd,4.247602111101151,4.392406307905913,4.4792927326262,8.2617023636502e+22,8.972101753716522e+20,2.666212347668738e-07
b21989d4-936c-46e9-a9f5-7fae97b97422,4.405378233175725,4.303131947200746,4.335454638116062,3.7646001039837274e+23,4.767537283135342e+21,3.1177030306412665e-08
3fb4b75c-cbe8-4fc3-9a3b-88bf8f969d79,4.431680507864803,4.485002784524113,4.35308946762234,1.7119979677928407e+22,1.7107444600326641e+21,6.105959309033801e-08
a6dceb9f-5e7a-4eeb-8646-7e5705241989,4.277839159592986,4.217713286541403,4.234134099408984,1.816771234603086e+23,2.5006201511505573e+20,7.123893957514136e-07
b1b3c8db-81fe-4d1e-ab4c-4392164079a3,4.30999334352091,4.376177014969289,4.367648234590888,4.325198226933698e+23,2.7041173407012225e+21,4.6481226194012053e-07
990b2bed-b12f-40eb-a3e7-656a5be6a243,4.45548337418586,4.324769155774265,4.25199375513941,7.198971944664343e+22,1.5510734824365585e+20,5.3156731113477395e-08
3b4e63b9-7d78-42eb-8e11-4d97b0805f67,4.4073572074994445,4.426512739341706,4.460859665684402,2.8342038075111087e+23,4.485312850288356e+20,1.1439169308871692e-08
45ef3fbe-7079-4fac-9995-4f77fa989b85,4.2646661245264115,4.271943258494139,4.321337866038084,1.098653826649423e+22,9.352780633584351e+21,1.3052645089606364e-07
bfba785d-e9dc-426e-a01a-ab60c35e5fc7,4.227817759662867,4.478628498036414,4.280533402077854,2.7423709565309495e+22,3.315851153711842e+21,8.616775424950889e-07
7a565062-55cd-47bd-9cbf-f3fafc27398c,4.369206505548209,4.221007254905999,4.404312902837992,1.0897533798024037e+23,7.173646188040687e+20,9.656909545779466e-08
aeb5f715-636b-4128-b681-6969c920b567,4.4936340800486505,4.418991005793214,4.292986667081713,4.261465133585615e+22,1.9993764028808466e+20,1.9689193958423207e-08
96a309df-4d46-4b80-b422-389a878d5354,4.346841711178422,4.283134899940342,4.42438344154507,7.013108388471721e+23,1.189835454673293e+21,2.2115555649333224e-07
0fc6f269-f4c5-4c67-878d-f2ed3fb1c4fd,4.336032388173043,4.414785961713642,4.240996672902256,1.508584537897205e+22,4.085596076863408e+20,7.51055223629328e-08
812294a1-55a7-4042-bede-b75435e764c3,4.485698940698057,4.288362080231309,4.37670928215608,2.1300901662123907e+23,5.735011285555479e+21,8.916699450458398e-07
509db5d5-d292-4ea4-b399-29803e6969d5,4.379558025766164,4.462887808866799,4.3265590774826705,9.708310130157168e+22,2.1330865932893028e+21,1.844219822543635e-07
f6da3b30-490e-4168-929c-a4db90ad6a99,4.236210623569787,4.233375549037009,4.453638943005354,3.309851778773751e+23,1.0983347470484968e+20,2.194428386153893e-08
0cb93e43-cecb-4783-92db-20d90461ce13,4.27318816697225,4.440076797455549,4.413310442846269,9.938002020693084e+23,2.9336116783477922e+20,4.4327675609311063e-08
7010e584-4d4b-4dc7-a965-d7ba9aaefdc2,4.417581558600068,4.257366290967911,4.269472874272615,3.365133898791356e+22,1.4583971629373386e+21,5.180470664905709e-07
a8c2db97-78fb-45ce-a315-e5302cc139b1,4.447675410658121,4.382526718173176,4.417099273297936,1.5165802103525598e+23,5.618162147082856e+21,1.015159279860976e-07
86ce8f9e-09b7-4d7d-bca1-f6b8b88e2485,4.299054848682135,4.321801074407995,4.298144370969385,2.205062890622972e+22,7.613924961596127e+20,1.1837278354948145e-08
0005ca64-f339-4cb5-85b3-429f7aa9cacb,4.28814032804221,4.498407765291631,4.431741602178663,5.202677539860337e+22,8.264391148824955e+21,2.4220352429820914e-08
e018f99b-8fa7-4ffd-a105-018129632b66,4.440132883284241,4.202977250609547,4.316087586674839,6.435213810727108e+23,5.075479951596966e+20,2.7683348283486913e-07
5bb8b040-2035-40b0-b909-32ac57b7f870,4.3946558919735255,4.398889902513474,4.394929197598249,2.510740682244772e+22,1.3644488087075635e+20,5.960700627468115e-07
3cd79e09-cee4-4748-a11d-83676856cabc,4.239570848084987,4.300297766178846,4.2554079258255655,1.3334373262211781e+23,3.0738745982349544e+21,6.797652189279516e-08
e9df0b40-403d-4403-a22f-dff91d7a8402,4.20156562468037,4.35608392925933,4.344420965779573,2.49469175796316e+23,1.0097036284097638e+21,1.4327018229666537e-08
3dd8c1e2-416b-4daf-ad2d-042b9742b90b,4.3576600369066,4.341940030641854,4.468199940603227,1.2866555191898514e+22,2.355982627343791e+20,1.6047332700375863e-07
222a8c3d-788c-440e-852c-d183a86a5bcf,4.477128732204437,4.446300024166703,4.226882135327905,5.076730885918813e+23,6.114725664972382e+20,3.273700289761891e-07
0794affe-134a-4227-8596-5feb8fb2d18e,4.326145546417684,4.253921262826771,4.358278443906456,6.322370495967114e+22,3.889659106201661e+21,3.6750445510925464e-08
ee1f77a8-bd6b-4891-9c44-96f60d2013b7,4.323267092462629,4.483050025440752,4.2290491815470155,6.218470644604597e+23,1.826805003350902e+21,1.2486875087416122e-08
17a78f36-d3e2-471d-abaa-c2b1f7fa3d80,4.480001506581902,4.21600085394457,4.356129060629756,4.9820837197541695e+22,1.2941125498991215e+20,1.1126308644090365e-07
16b7b0cf-2f0c-47ba-9caf-bc276030c396,4.35482335165143,4.395214372035116,4.338510596174747,1.2654660537267926e+23,3.482893804302318e+20,5.452485444817868e-07
de05ab05-e5c9-4110-be77-50461a5e5837,4.2044080699794,4.30632682107389,4.4742231879942125,2.4480980421738716e+22,6.787017221181173e+21,4.869321379840836e-08
8719f11c-a8ed-4073-b967-cf1bfac6304c,4.241384465061128,4.361847470048815,4.384605262000114,1.2616266458404477e+22,4.5781209894525636e+21,2.3096424686080445e-08
4584b44f-f7e9-43e9-b1f9-23bc466eb1d0,4.392845737282187,4.338511681370437,4.265650342237204,2.3808716176500957e+23,9.260951268941824e+20,2.0258540217537673e-07
9c20dc1c-8512-4191-86d3-e243a03e7ad7,4.441979118157178,4.458984889090061,4.445808481480927,6.0884281949153174e+22,2.4008910545318265e+20,9.405977475138492e-07
61ad9c5d-fe1b-45c1-9b8e-a0ab5919e825,4.286290693469346,4.238883964251727,4.301970926467329,4.933401120205409e+23,1.7656043838151488e+21,8.231725057222469e-08
72433417-56f4-400a-9d46-89e29b751611,4.300864462461322,4.41609032554552,4.427439151648432,2.0863058217967453e+23,1.6005600206331317e+20,4.0231173937648595e-08
6d4819c0-2507-4495-898c-d97853c73b8a,4.445862397179008,4.280035091936589,4.287917866315692,1.438138255733614e+22,2.597412910736922e+21,3.4492129931127666e-07
42af53e9-3dd0-41d0-bf55-84382f2fdb08,4.41943179666996,4.480634963326156,4.399227737020701,3.183800249358417e+23,9.649985944531015e+21,1.7606766694450875e-07
5245d177-85e8-4ea6-bb58-7e69b85b0aa2,4.271341391187161,4.222668109182268,4.283573738951236,9.423613448497051e+22,4.307639137394837e+20,1.506122405728614e-08
9aa59790-8a3d-4cc4-b395-4436b3a23d1e,4.233337317220867,4.4296165611594915,4.324376204740256,3.2554538271971585e+22,7.471497002012469e+20,7.458192547188893e-08
ab49d68c-7ad6-4e09-9ddb-c4167a05c397,4.382437092158943,4.2748479536734525,4.4557725307531655,9.527331823270252e+23,3.2128794454936094e+21,6.266194012784037e-07
2d6ed971-86b8-48d2-88b4-83e61d1e1fab,4.482857107836753,4.3745201577432455,4.2469229852594435,2.0950136247494688e+22,1.239085849050357e+21,3.030517259110728e-07
aff8d83d-d47e-4f00-89c0-87e877ee1779,4.338868541456759,4.322766686417163,4.370701946523041,1.480405859482102e+23,1.9369818617947367e+20,2.5518993229644975e-08
11c1e72f-3d17-4d71-850d-3c7ac4bab602,4.349830600619316,4.379861778952181,4.295106322839856,7.408127760034331e+22,5.970614600330602e+21,6.507094398635082e-07
fb587244-a45a-4f5a-9931-94c3da1f803d,4.490650870185346,4.31874932544306,4.422186729796231,4.491387250553963e+23,3.9592788457937725e+20,5.794847760310242e-08
bf1f9766-fea6-4d91-b1fa-92bd3ae50a71,4.372225724067539,4.441879569645971,4.27454396571964,1.151175606998753e+22,1.1436362848137632e+20,2.841370808761537e-08
21fd2353-8146-4ad8-bdb6-64aede7c5510,4.224792781099677,4.258928736671805,4.41025702148676,2.8904317574111023e+23,2.0673894715850998e+21,2.536058734498317e-07
49b7f71e-8e33-40fd-8287-f72f670883a5,4.26296294303611,4.465934399608523,4.450583554469049,1.117637767299591e+23,1.5051374247446774e+21,3.8404865964153053e-07
59aed211-a607-43fd-b02c-b3928d62266e,4.4090569267049435,4.236035328917206,4.331628168821335,2.889671786590437e+22,2.81666196170309e+20,3.366692242681615e-08
aeec67a2-919d-4a7b-93c9-8502661df67f,4.453819672577083,4.413218374550342,4.381794738546014,7.323635266711914e+23,7.859191188762657e+20,1.5640314840153565e-08
9fb55032-191a-40ec-b35d-1718342f56cf,4.311660444829613,4.286554167699069,4.237956657595932,4.409994661408435e+22,5.394857796351333e+21,1.3679999048741555e-07
e6027fd3-cd92-4777-8dc4-324bc689a87e,4.27613883689046,4.444445691537112,4.363349783308804,1.8481690336276456e+22,4.874516147784032e+20,2.096652150895906e-07
160e67c6-37e3-42be-912a-25c9842051c5,4.433384230267256,4.252412541210652,4.2238279701024295,1.7454988082482185e+23,8.526865067295617e+21,1.7965596341518957e-08
6b1dd6b6-37d6-49f2-9ace-5629c8f87b48,4.403711672779172,4.358843916468322,4.465162140429021,3.829780012052217e+22,2.9525259617346713e+21,9.175784989776488e-08
5f3a5198-c40a-44a5-b36f-23b446f9a222,4.2492652092129,4.344899145606905,4.349507678411901,8.423696695764392e+23,1.4080049589777823e+20,7.844801393793026e-07
b31bfb76-d7a4-4f67-89bf-3a66838ccde2,4.2124156971462074,4.4004037823528055,4.2604926383495325,3.878330533103365e+23,2.2824980845924152e+20,1.240239123899666e-07
58eac690-f512-4abf-885e-be4601198e8f,4.365559822507203,4.302157258149236,4.3918894302472475,8.588799942741041e+22,1.051478811272915e+21,1.041429328676568e-08
d25927fe-372a-4258-9d89-1bb6cffaa0c4,4.471536076627672,4.495453791785986,4.3130314542725685,1.905765787945098e+23,3.7688038779730563e+21,5.039512630946321e-08
45c26565-3624-459a-976d-71118e0d984a,4.312988346163183,4.200222403742373,4.4368109414726495,1.7479258052483707e+22,6.368724668831308e+20,4.24120791358835e-07
40f3f41e-200d-4e90-84b2-ee49d41b816b,4.320891446806491,4.391624824237079,4.406491761077196,4.6607699414549675e+22,1.5883851952562417e+21,8.142460429306188e-07
bf9f0604-cee5-4970-abc5-751f40bf9acc,4.4636283156462015,4.312112559378147,4.2783962628059085,6.643202626363683e+23,2.6690440299295454e+20,9.499910743174542e-08
a4380014-750d-437b-b19f-af3d0af4560b,4.361739736888557,4.4866382835432885,4.4270303541980685,2.999910537184379e+22,9.577402508803542e+20,1.9993499316502602e-08
aa6f070e-3a31-4bd4-b689-6a43f25a1f2c,4.216240559332073,4.210214398149401,4.290302127692849,1.0321484522031081e+23,4.427008177372891e+21,2.3379176483871283e-07
451684d0-1af3-418d-9725-4566e22927bf,4.253071613889188,4.453199150785804,4.249854610916227,2.9919649618033192e+23,7.02093786134361e+21,4.719962904921628e-07
d9f29879-3c74-4d3c-be63-7462fe72d451,4.399909749627113,4.242473512049765,4.369825130496174,1.004475281373664e+22,3.3669709780125064e+20,5.6193944173453464e-08
036029a7-24d5-4c9b-b81c-5df4a0228131,4.425458296760917,4.367633925843984,4.318651368189603,4.5666707518617655e+23,1.1645407858867293e+20,1.0809496733876241e-08
19dc00a3-088d-461f-b06d-e20f65f6e6e5,4.284060387220234,4.334923423267901,4.463504569511861,6.581293670571446e+22,2.0302773693861756e+21,1.2840435590165152e-07
7fbf8b17-f0c9-477b-8a3b-cdf663b71f75,4.303175735659898,4.474701882340014,4.337086419742555,1.5650209344346219e+22,1.872981177768857e+20,2.6256312117206456e-07
9eb4c3e2-5b86-4810-a948-6991fa11f6ab,4.462299962807447,4.226109742093832,4.477623324263841,1.9181707539523088e+23,1.2813811734672281e+21,2.949195044574969e-08
cdfb3969-5df6-488b-831c-c71808b475e5,4.41228624517098,4.422022407408804,4.235297826621681,7.553909012592612e+22,3.571346579264693e+21,6.46164239175194e-08
a2bce063-42e1-4852-94d4-8c2db6f9770e,4.259738070331514,4.2765918876975775,4.351967459376901,3.9742117241346914e+23,6.720852153408081e+20,7.241628123164567e-07
5a2c5329-8792-4385-9b46-3011d467e313,4.221586367022247,4.371078524831683,4.441099515948445,7.718218025980004e+23,4.7869254007231165e+20,1.525418195242144e-07
ad4e32f7-60e3-4d69-89e6-28b53af75653,4.375436878949404,4.328699767403305,4.308687590118498,4.016117994519991e+22,8.682874010985454e+21,1.740574577451077e-08
80c29b39-402f-41e1-ad72-9fdad3cd0e2f,4.499149331822991,4.433059765398502,4.388552758675069,1.570945745158769e+23,2.510873405211447e+21,3.4856171593035655e-08
67d56420-2b91-48d4-ba1e-6ddfa2da8c6f,4.34132744288072,4.268915871810168,4.263758151102811,1.9732290675966986e+22,1.6556663587779874e+20,3.986208281987356e-07
d7c9707b-7f4d-4c25-9aba-0e7f8a89a68c,4.333318059984594,4.438436720799655,4.47037139069289,5.556616530861514e+23,5.193195547082744e+21,1.3537428576187335e-08
a6f0ec07-5d9f-4a15-a9b0-b9355e17e9c0,4.488412249647081,4.2648606017231945,4.342275364547968,5.991533787177419e+22,8.164091453610559e+20,1.578533127393518e-07
c23b14c6-e331-4378-8770-780552d1f81d,4.383903986401856,4.383303624205292,4.360933755561709,2.729981967533593e+23,3.145034125257154e+20,3.3240632139187915e-07
50e0a305-8dbb-43bb-9663-2b2f56075c96,4.231865646410734,4.312815884593874,4.224205065108835,1.2194761967667245e+22,1.3478441721273587e+21,3.8847533028115047e-08
4fc12ab9-6866-46cc-ac29-1cb402cf2edb,4.269888177886606,4.407286509498954,4.3139400424808265,2.6494237328506236e+22,2.3077716303946583e+21,2.45929682852907e-08
525a0135-221d-492e-bb38-b38dc69f571f,4.420880528446287,4.289997016545385,4.4339110279455785,1.218341978153112e+23,1.024404975771913e+20,2.9263033781643446e-07
b4578d71-0deb-4d01-9158-6dc8535f0a36,4.451435711514205,4.4718678404577075,4.25272883515805,5.4891896503890654e+22,3.8101918693081016e+20,5.632196252944257e-07
3a624e37-fe30-4da2-ac46-64ea206e8739,4.295295531302691,4.232593483664096,4.397582562416792,5.880269223056846e+23,6.20401848342077e+21,6.686666286600781e-08
89660b12-1b3d-45b6-b3c5-2b11df475e9d,4.292440521810204,4.353057105280459,4.271112063080072,1.3858731298630603e+23,5.703767846331558e+20,4.3656052949673436e-08
fd622620-64ff-4501-a98e-368fa73b7b8e,4.435833708755672,4.348487620521337,4.411649495474994,2.326531485437108e+22,4.208622836797869e+21,4.90081700889584e-07
2b4756c5-2909-4471-8f6c-c68ecb8b7ae7,4.391950727440417,4.450231217499822,4.299299698211253,9.079707959113756e+23,1.0923098526263787e+21,1.0743696214925358e-07
c9e246f3-6217-47ef-94d6-f3c8bc662e60,4.242275029141456,4.2488233532756565,4.415969794914127,3.5509554626515377e+22,2.1972547633408777e+20,1.203375459096369e-08
a690b5bc-bdbf-494c-9356-7d3ac4487b05,4.205280175432563,4.491865316871554,4.375046310462058,9.201599057027678e+22,1.4630980381221003e+20,7.948615809764193e-08
1298d196-85c3-4235-a26f-946c788923e5,4.353946505393833,4.206009214930236,4.242633918747305,3.622207748108887e+23,2.8414477909918094e+21,9.064696849728725e-07
344a9996-153c-4a5b-9f8a-a53f40475efe,4.473837925773114,4.4039929702878,4.452507517784834,1.4296152036737544e+22,7.638689562510594e+21,1.8162780244868136e-07
631aee71-d292-4801-8311-8e7f76696ec8,4.3294353693723675,4.296371732186526,4.327712384276092,2.3313221434054233e+23,5.44186495513236e+20,2.075967623854275e-08
471bf26f-7546-44f2-914e-440a6b10cf3f,4.329374341573566,4.43854555953294,4.222547942157835,3.389340565469364e+22,1.3364549572429286e+21,2.5570058144937514e-08
4db45ecd-6269-4afe-bbab-17ebba24f928,4.473894199356437,4.265191746968776,4.36257693151012,9.828276599370309e+23,3.117596728923082e+20,3.024647679499919e-07
98bff410-ee84-4bad-8fa3-c168f5a716e3,4.353863373398781,4.38348571350798,4.348751191664487,2.181329166842864e+22,8.093696378083992e+20,6.278740553273062e-07
63b49765-69bb-47e6-b457-c242b6a84b9a,4.205368133168668,4.313366763666273,4.463897485714406,1.5270597851680215e+23,5.146949089959737e+21,7.44375525580376e-08
7c24a94d-b474-4cc7-a402-ee2c22b41de8,4.242218576185405,4.406369960401207,4.3911026929505175,2.153871043620555e+23,6.257739824293176e+21,1.5091512562216594e-08
0ba822d2-9e4a-4e45-bbb4-c821c9cfeebc,4.3920115769840775,4.289302763901651,4.259198724906891,1.4978102287479404e+22,3.844282902665623e+20,1.757283792147545e-07
9ac44744-3b3c-41c4-9684-077f109f667d,4.4357460019178685,4.470731572061777,4.435564139541238,3.287137645587451e+23,1.0331738538444453e+20,3.4561455349444805e-07
2c34517b-21a5-458c-b470-887a11b5d50c,4.292523903585971,4.231825997214765,4.3122928203083575,9.813940382804577e+22,2.328170852002926e+21,4.0153607292460545e-08
2ad40764-d29a-4274-946b-7a1fe9ee3372,4.2952352902852,4.352799453120679,4.421433466468007,1.3021179557503453e+22,2.1780706592193882e+20,8.210668290431642e-08
5ad049f8-b668-43c7-a8dc-850b56366a7a,4.451491627469659,4.348012248426675,4.29384588336572,2.4803587661389637e+23,1.0830823796205266e+21,9.4295305650095e-07
1f47c765-345b-4399-96ff-61f0157cd68b,4.420796609669924,4.450193283520639,4.408980216961354,6.284277848600603e+22,4.171169816884327e+21,2.0206697344171128e-07
e8e6791f-0e96-40bf-8958-8c46162f5be8,4.269976493250579,4.248421216104179,4.2737753291614355,5.13918378269383e+23,5.654575523556981e+20,2.3154231610197596e-08
04af2add-327f-4dc5-a66f-72a1588c8c15,4.231809980235994,4.492926030233503,4.330385582130402,6.472400313016683e+23,5.4905424795284426e+20,4.856817987221234e-08
61b60aab-069f-45e7-a402-31a0d9ddacbe,4.383964478317648,4.206852200534195,4.449848143924028,5.140896599777691e+22,7.704887558175975e+21,5.466084381972128e-07
8b742e83-d7d7-41e5-a941-27d3abd82ed8,4.488323756027967,4.404980434197933,4.23717413553968,1.3172329974382921e+23,2.8665701706636817e+21,1.1097749667403755e-07
f4346e0c-cb00-4dd5-bd4e-9903f090856a,4.33340179938823,4.296994982846082,4.380504048522562,2.5259597355300575e+22,1.475613053789465e+20,1.251803253177698e-08
fd25bbf0-7c9e-45e9-81ad-77485e72150a,4.341268808394671,4.391589217074215,4.2886564411968,3.726174859593119e+23,4.3877408899453336e+21,4.2517833471518035e-07
742768c0-dafb-4039-95b2-67c7e8d481ee,4.499212577473372,4.311708171386272,4.42868589643389,8.323468803748163e+22,9.495159614632936e+20,5.02657481002427e-08
44dc31ab-a81a-4d60-9211-76996618a8dd,4.375346704479307,4.486382958199829,4.284867595247924,1.8308688288017117e+23,2.6456646897325962e+20,1.0440273819601655e-08
ebbf7b72-09af-4f4b-9994-6a05a12f8846,4.221671858802438,4.209736775234342,4.4000144152343275,1.6940477993771352e+22,1.574907059393196e+21,1.2370564032842027e-07
673e954b-9aea-44af-857e-85da347d9c63,4.259674861002714,4.454188937041908,4.457037128321827,1.7906966481039444e+22,2.0481504220439042e+21,7.864440624818071e-07
068ba9bb-21ad-4f72-9629-310580de0a52,4.412344914861023,4.243094507418573,4.325132632404566,1.675487972610661e+23,1.1744672722793085e+20,9.15231802646461e-08
4be3eb06-14dc-40d8-83f1-63e1e78364e3,4.462214363180101,4.368696961551905,4.37147473923862,3.7104264910074446e+22,3.397217475394573e+20,1.8010552294107962e-08
7eede3df-d3d3-4a30-a6ef-16cb68951955,4.303265803400428,4.3357641535811124,4.248202956058085,8.086390637218453e+23,7.081984982725682e+21,2.0912879065396444e-07
3fcd7093-9d97-4955-957d-989eed1749d0,4.284002253413201,4.474886293988675,4.357419693507254,1.0825787679043402e+23,6.663125029940919e+20,1.3653645240052043e-07
02eecdbc-40bd-4c9a-a514-9ad915c9394b,4.425520898681134,4.226658365875482,4.229831644520163,2.7745467808182314e+22,3.5396909396046355e+21,1.5671759845634478e-08
768d8afc-fc8a-40ba-acb8-896cda177aca,4.399819074478001,4.422133568488062,4.4749585394561295,7.093400247263043e+23,1.2705111075020417e+21,3.3602029106094554e-08
baac0751-a91d-4dcd-842c-9d27c844eec3,4.253157749399543,4.276920777652413,4.339753125719726,4.234600305493109e+22,1.856561846373466e+20,3.8482033108843496e-07
5ab657ae-f597-46ff-ad31-8e94f7d91848,4.216177850682288,4.369944583252073,4.266418919712305,7.115487010136664e+22,1.669768804719004e+20,2.5311483105901773e-07
7e47dbc3-bfe3-4a85-b300-74891a7c2d30,4.361797762848437,4.327930030133575,4.385882009379566,4.3538627634833224e+23,2.532982569577998e+21,2.8470550834380478e-08
1c2d5560-5948-4733-ab0e-8d8e68a5f637,4.46354221533984,4.432145543117076,4.303231308795512,1.1056238224121457e+22,8.758433287773361e+21,5.783633286469042e-08
18e0aaa2-b68e-4c2f-92cb-68b52e5a951f,4.320982158277184,4.268219368346036,4.446561685726047,2.8021227907961463e+23,4.829916334479918e+20,6.520119480856202e-07
24684217-184c-4714-99c3-3bdace34a8f3,4.313083529658615,4.379897667746991,4.412927741724998,8.039036213765622e+23,2.0850139046350194e+21,3.9942114918502063e-07
5dda05ab-31b7-4b0f-a5f3-e1110a1452e9,4.4714361389167605,4.319153431802988,4.271883102189749,4.145886440646264e+22,1.1537045824713928e+20,3.478904089098429e-08
706e2b3b-590c-4f1d-970b-493f97392c15,4.365613447967917,4.4421351766213775,4.416724468972534,1.6358987047336238e+23,3.993704470387228e+20,1.744071027549508e-08
bf521aac-7c81-44eb-945b-4087a4f527fe,4.212366897426546,4.259406077954918,4.300562571231276,2.0374188131145323e+22,6.024246782173513e+21,1.5224821681075248e-07
3c3cd953-def6-4ced-9d83-5d41bb986307,4.24936496866867,4.464944903925061,4.243422810640186,1.6145687244173044e+22,5.348529246087701e+21,7.256111054204538e-07
a25caecd-634f-4a4e-a408-8a44ab0d7adb,4.403616309911013,4.235414042975754,4.3763424094952645,1.9969198284407625e+23,7.789473836019508e+20,6.449148568097716e-08
9bc065e3-51bf-492b-a977-d7f5ee6041db,4.433433279767632,4.412155629415065,4.328961371798068,7.791422382962227e+22,2.7927634260513862e+20,2.9550903618329925e-08
63d56e66-9d19-4e69-8363-8132dbeceeb9,4.276085462328047,4.285713146813214,4.453248306345195,4.138239297593627e+23,1.491953591355204e+21,2.620551489855364e-07
1b1be29d-c279-477c-94f0-450f589639d2,4.3117552706971765,4.444260989315808,4.343026319276541,3.087558112933886e+23,1.4204040573595741e+20,1.280750623991566e-07
a95a1567-ed90-4993-93fd-55f954d53866,4.453720521647483,4.251864208001644,4.47162955256179,1.0454186561061775e+22,2.977675212306126e+21,1.0836444589993872e-08
3559442a-6b47-4615-af20-a382976f3fd5,4.409110909793526,4.358732464816422,4.225479592029005,4.711580199118921e+23,8.603441248534692e+21,5.6049767261153033e-08
61d1e11f-8d78-4cd2-937c-613e73bd6281,4.262913356535137,4.3445705462247135,4.3617000835202635,6.851002122947283e+22,4.916930225863722e+20,4.731724643825443e-07
b576ffff-0e7d-4466-9fc7-b81c543dccef,4.2248921829275785,4.4015374423004685,4.435155304316432,4.855863798607812e+22,6.31227335306897e+20,2.3319398114104216e-07
c1556130-8bda-457a-8d98-6fd1c1607bfe,4.37213114798069,4.302927277050912,4.314677111711353,6.855934643126222e+23,3.736430282803578e+21,2.0043498128069667e-08
d79dcf24-cd08-4e2b-b1d1-f161dee7fb01,4.49070027731359,4.4963677324354645,4.398366743158549,3.124825561374399e+22,1.0422622017476856e+21,9.475631088016723e-08
c8e21901-f2f8-459c-aa92-65badaae9f78,4.349776439275592,4.200919188838452,4.254021214861423,1.0654243081383311e+23,2.2631365066300162e+20,8.16283083719288e-07
65888cc7-7af2-40a4-a66f-c1c2d4b886a8,4.338966119382531,4.482940896134823,4.476882470808924,8.831902818458128e+22,6.847745352005237e+21,2.081157893046453e-08
7cc8e211-799b-48df-a932-e4431dfd0614,4.482764141075313,4.215669999271632,4.33583736538887,3.5098169637039515e+23,3.513055673588574e+20,1.8116349036775311e-07
db7672c0-0305-47af-ae70-d1c36c398091,4.382483674027026,4.395031992159784,4.3506712935119864,1.3724668921029927e+22,1.3055507120401985e+20,9.087369786452034e-07
728e870b-70d5-473e-a8f3-4ef2b439b960,4.233286052662879,4.305776232574135,4.234508869834244,2.258507671398706e+23,1.842441992413662e+21,7.928305543309841e-08
6c5dbf78-30cd-4189-9689-56a032fdc94b,4.271434393152595,4.362763737514615,4.307424650266767,1.3429660410944304e+23,1.7501994130571437e+21,1.2063747460420018e-08
7cfe4a6c-a4e1-4492-8cfb-dfa71645adf9,4.419334255065769,4.339206215646118,4.44034477699548,2.2354124171468417e+22,2.380602462528132e+20,1.0716149476743745e-07
2c301f46-708f-4ff1-8c32-fc683e60f897,4.445913555007428,4.460120875854045,4.2629870470985765,8.80044836873257e+23,9.178481411369214e+20,4.913026891990619e-07
99c03a8e-7ee7-4c88-8404-0268862172c6,4.300817772746086,4.239651732333004,4.387274445593357,3.411164604325311e+22,4.538648755980733e+21,4.354406992819406e-08
b32dd517-c894-43f1-a4d3-47b7dfee677e,4.286387627664953,4.416348259337246,4.277103816270828,2.5681174040128545e+22,4.3449699888174426e+20,6.673741263681627e-08
ba2dc95a-0de6-4811-940b-ce1122621c5f,4.441886652074754,4.280510182399303,4.405707515440882,1.1702971753817263e+23,9.736311324133592e+21,5.643457488012976e-07
a9a70cfe-62d5-47c9-9b47-14579b57fd45,4.392892962880433,4.480673178937286,4.289564993567764,5.3218594479447076e+22,2.6196278624765624e+21,2.920643458964045e-07
5fe47a8f-089c-479d-a68f-d7895626e99a,4.241332699824125,4.223069964721799,4.425786010995507,5.647188663652152e+23,1.61471046585083e+20,2.46421142243979e-08
70bfd4a2-f687-4dd9-9d11-07ea800c71b4,4.204500428214669,4.428556138370186,4.369058737643063,5.3348676281780254e+23,1.9206173958055615e+20,3.877273784128318e-08
1498e938-406f-4444-bc39-063402fa6fe5,4.354726310726255,4.27400467749685,4.2485800171643495,5.803991417500109e+22,1.228267230454981e+21,3.3307353043785473e-07
441dfb06-26a3-47ae-ac3d-7eb11d653215,4.480053308140486,4.373532984405756,4.462246340811253,2.621587709074433e+23,3.1851709052489905e+21,1.5754956788999496e-07
8c176aea-c829-4cca-958a-b1875047739a,4.323219902068376,4.322143145184964,4.317900348566472,1.1810569319580451e+22,7.405014021646978e+20,1.3564614525283406e-08
7b26a951-d41d-4d4f-906d-bf6b882a0827,4.326201963052154,4.415263025276363,4.448177284151316,1.2042131273866048e+23,1.107847868245426e+20,4.608863831365453e-08
d0c141cf-9956-423f-b119-67b1cbedd579,4.477067847456783,4.288616838399321,4.332014846913516,2.666982350847094e+22,2.1521768906721316e+21,5.354593566047318e-07
4226e3a7-852f-4672-8ed5-db9e9f00c64f,4.357747851591557,4.463291620742529,4.379380511380732,5.9175743783061284e+23,5.78409051802007e+21,1.1316887026519637e-07
c2838161-da00-4ed6-9fb8-147dbff11b71,4.201482349634171,4.233410570025444,4.238335423395037,5.427056227076617e+22,4.1217013586648996e+20,1.3177598263091871e-08
7c381e85-6117-45bf-9262-5f26ebcfe29d,4.239631840679794,4.439235499966889,4.295477153100073,5.952087312044736e+22,7.549569549437917e+20,8.372794444485464e-08
a96409b5-d9d8-4734-9638-4f7562ab1a48,4.394599582068622,4.256302695907652,4.419764569029212,5.621811473472404e+23,5.569135712730323e+21,9.926367831688494e-07
5091c14d-65c2-4993-a205-d0a5fe46d0c3,4.44021612200886,4.381905136629939,4.2749385754764075,1.2334377677515766e+22,1.4458249754743123e+21,1.9175084266724884e-07
29feb2b3-0e79-4c8d-aeaa-cd2cc61f8aab,4.288052478153259,4.320810712035746,4.4078586886450655,2.712771807657982e+23,2.907493058821793e+20,2.2681965595193554e-08
782a589d-d76c-4375-a0a0-c5e3f724ea0f,4.2991106215864425,4.498079443629831,4.257059068791568,3.5953282242984295e+23,3.1013629816394094e+21,1.4799288871931375e-08
5e475054-d746-4994-b7b6-765ced5861d2,4.447615026589483,4.202866647765041,4.393280099779368,9.296488241210797e+22,1.3762700151917114e+20,1.6693277450944972e-07
aaebcf17-5bb9-4a89-9da0-192496ef7070,4.417670017015189,4.398341863788664,4.309605841562152,2.356024885040462e+23,5.1203644954746926e+20,3.642085001066845e-07
33b923eb-a234-4960-8fdd-9e7d3a6452e3,4.273104391247034,4.300113931763917,4.4382095232978465,1.4186072413967577e+22,8.335099502450484e+21,4.098965406382454e-08
c16f69bf-92c0-4289-af32-a6cc081a29fe,4.236270972434432,4.356780990958214,4.364756300672889,2.3027845964074593e+22,3.855707449138588e+21,2.694571219211574e-08
1656b608-be5e-4f0f-8524-8f43988d1d7e,4.379502216540277,4.342854821216315,4.22041029099375,1.3962342450293109e+23,6.06308421142133e+20,3.087625463623591e-07
2ef5fdd1-768a-4c19-a222-3d16973df78a,4.4857828231528405,4.447070338670164,4.466544878296554,3.578509800906369e+22,2.3350114990178956e+20,6.15716059756671e-07
b0955c52-c550-4a2e-b62a-4282fa60ba9e,4.335944037605077,4.255055789463222,4.346066171377897,8.984507912093989e+23,1.0009932787270097e+21,7.071180088386899e-08
ad57b51e-1f60-42ac-97f7-27df0314e207,4.346904813777655,4.461633465997875,4.384218557756395,1.0102797384514317e+22,3.6257097566765174e+20,2.4017573271066334e-07
e3e03f76-919a-4860-8727-ee3d9ca43f10,4.493575302511454,4.2415145122446125,4.268056646455079,2.9564358699812055e+23,6.574641930436206e+21,2.788788200294066e-08
e28d815a-50f2-497b-a6b3-7208d63d70fd,4.369292140379548,4.359808474313468,4.4454297495819635,6.5013158235759475e+22,1.9017590224135617e+21,5.897423109221913e-08
1d9c7fd3-0f37-464d-93cb-9bfaf1c04f8e,4.227727728243917,4.336454656720162,4.304385127481073,4.594351987921111e+23,1.253681269548465e+20,6.863177391029138e-07
a5c1b653-8322-449d-be17-ee671690baae,4.264724651165307,4.393174371588975,4.231471314225345,6.723037592006446e+23,2.4784450781802837e+20,1.3922268945913872e-07
0f3226ec-95db-44fa-93c1-342cfdbd50c2,4.407293855119496,4.304268800653517,4.355758266206831,4.633991972893515e+22,1.6960575947688564e+21,1.649633783539103e-08
e82220b5-c725-4d0b-bcbc-96a42895ce77,4.455573584977538,4.485697595402598,4.340908964853734,1.0259296981701553e+23,4.725765608304091e+21,3.1884303219302326e-08
5fa04ada-3efa-4211-9957-1e5508a42a3f,4.309907886944711,4.218630403932184,4.473828550148756,3.0368148181721144e+22,8.895949441807242e+20,3.769448424848469e-07
728bdb94-6638-4d28-9dd6-6e952b64393a,4.277901904564351,4.376578576024622,4.322985569108278,4.060954974287015e+22,9.432464746587042e+21,7.712699899698048e-07
5990aee5-237a-412a-8cf9-65f46108e672,4.431622517108917,4.324806503579021,4.459206074159593,7.663094521128782e+23,4.524817306193822e+20,8.694834670147547e-08
e64ccb20-1227-4c93-9732-5e4ee65fac45,4.405464225634932,4.426987552084029,4.245524377282709,1.9596876189626834e+22,1.5645675429016378e+20,1.8980847667923368e-08
d8670107-27b9-4f82-afa3-4278cabdffe5,4.2475112929008905,4.272200343478471,4.374127593133599,1.5880382559800942e+23,2.7283965895715287e+21,2.134981073864083e-07
e13b4506-5010-4a2d-8a35-a135d6518923,4.209491268731654,4.478004661202431,4.430856866594405,1.9319688735721862e+23,1.17961330519469e+21,4.4808416381947525e-07
010b83fe-ee05-4b5f-ba76-31e69ea76189,4.368485614378005,4.220019214879722,4.286511320862919,1.5477415475868191e+22,1.981650421528903e+20,5.1315963555971045e-08
efed262f-5a83-41d7-b04f-617a0bdd4c27,4.468601134512573,4.418147453013807,4.402669215966016,3.931436144487786e+23,7.112808617975522e+20,1.0238830428916962e-08
97c04ac8-4d08-41b1-b735-6df164782cd0,4.31592193376273,4.282073627226055,4.282191036920994,7.60610655157293e+22,3.2867909186163374e+21,1.175221780587223e-07
e706ddb6-f5c4-475d-93d2-947ce128e2a0,4.3191285182721915,4.469223416503519,4.317361680157482,2.855357311428733e+22,3.02115307800125e+20,2.2159943916393325e-07
759a5e4a-46e0-4b30-9dd4-da3e074bb5aa,4.4653901668265465,4.229967651888728,4.43250848658383,1.1240961061232535e+23,1.391382314950431e+21,1.9651285997927344e-08
39e42b44-bb40-43c8-a250-0c89312bc2c6,4.359987035952509,4.409329658187926,4.256158445179462,4.436726345179272e+22,4.988518124710505e+21,9.676303608201393e-08
937aa3f1-4011-40df-b04b-5eb5f5099382,4.21799432868138,4.292058757413179,4.396187917850912,7.23463651107768e+23,8.427382777820748e+20,8.600194539267917e-07
4f985188-35d9-4b49-bb7c-66b5828f0293,4.255996189266443,4.385348054766655,4.468984677791596,4.465582605831584e+23,3.6909660634265924e+20,1.307874351115524e-07
2c0ef6fc-a518-4996-b0ae-0eb1b2b27675,4.3969841058366,4.314878916274757,4.345712912045419,7.4971555027266224e+22,6.458411520475888e+21,1.1417056737776327e-08
29a45146-4ee6-433d-9ce1-bec93a3f506b,4.428393100854009,4.435793580953032,4.359523278661072,2.9259891526252733e+23,2.23567139897519e+21,5.3262956295249015e-08
adf2d86c-77d0-4092-a21b-f106d74a4b54,4.281126660481095,4.26223606299609,4.227618769183755,1.1442396682238965e+22,1.0664360087690109e+20,4.639132915435629e-07
b4beaac1-19e7-473d-923a-4712fb326c3d,4.306101384479553,4.401930407993495,4.377464512661099,8.527459035362706e+22,1.1174996817487074e+21,7.105628115191697e-07
a2bc450a-670a-4ab3-8cb3-52cd434c75f5,4.459375391341746,4.294327189866453,4.242259112484753,3.921629352578226e+23,2.091791980419742e+20,6.121178401399512e-08
a207aaaf-6316-4654-83b7-b8242e4d2f10,4.415219975821674,4.494490181934088,4.45491774763912,1.7669438684711596e+22,5.834982473454206e+20,3.109705854445595e-08
aec141a9-0273-41d4-90a3-45f8aea86dcd,4.256803271267564,4.208652099967003,4.3273296812176705,1.892687246739766e+23,4.0065753806030834e+21,2.672854667238551e-07
d0399019-a713-4ecc-8f3b-01fe4a628c85,4.219824510812759,4.452857080567628,4.2707214283570645,1.7262267070379814e+23,8.023812685016947e+21,4.203196916102334e-07
1620e8f0-46bc-4e76-aca4-1603d69cf786,4.377199803572148,4.251467245258391,4.414051787853241,1.8614635408238976e+22,5.3191985682283174e+20,3.548338139546326e-08
2c44b663-9fa5-49a0-b6c8-fa94358a557d,4.49739555856213,4.350995538756251,4.2989328274875875,8.481904761849555e+23,1.53688056027239e+20,1.7079015208193983e-08
574567ce-b18f-40fd-8bbc-801957677ffa,4.343080138787627,4.346444082912058,4.418395930714905,3.7885591223011444e+22,2.7775505103950326e+21,1.4450561942709615e-07
8e27824e-2284-4379-8931-9159d17f1dd8,4.335071761719883,4.365594286378473,4.251257178429514,2.3966503686469184e+23,9.886794046313178e+20,3.684234552049275e-08
fd97b8d2-a44a-420d-94bd-656072e48131,4.4866594822146,4.3328651826828715,4.366403458919376,1.2469957892750071e+22,4.2526029098782467e+21,3.265329856046154e-07
a932a67e-2d14-49c3-8f0a-c1702975dbae,4.385665914136917,4.4558469409123065,4.320045978855342,4.877558964795906e+23,1.639606895728582e+21,1.608748078569713e-07
6ea3d6f8-4236-45f8-bb40-376ae3bc6e3e,4.230102793313563,4.245102701056749,4.460074985641986,6.127054146654638e+22,2.563866912308837e+20,1.4290401072993884e-08
2eeb0b84-004d-4459-b573-ed2a552b720d,4.2669543757103385,4.489287069439888,4.403054241668433,5.040537928603679e+22,1.2123002526357302e+20,6.814598832133314e-08
cb62bb05-5157-47fb-839b-d725e0c8e238,4.423815255984664,4.212844591867179,4.279782939869911,6.1775302967066e+23,1.9667430594831946e+21,5.945413774040067e-07
342b71ab-c19e-41a3-8db0-ceb56a2fab68,4.448510134220124,4.3895861827768385,4.423616614285857,2.4326648316020904e+22,7.308956714313335e+21,2.775233183836441e-07
983eb6bb-a32b-4bb4-acc7-4ffcc030d2e2,4.298220174293966,4.310055325739086,4.291712632682175,1.279954110672429e+23,3.261786022164792e+20,2.415821271098564e-08
ba206340-c590-432d-84e9-0bc327f73e5f,4.289505789242685,4.430429111234844,4.441474288310856,9.625580375235737e+23,3.3999531927190393e+21,1.1814390135719174e-08
92b8a4e2-f28f-4877-8870-45218a65c79d,4.438767507020384,4.2662671887315815,4.306269414070994,3.2312960060133854e+22,6.875827066774138e+20,1.0171896575349804e-07
5bf57e21-854c-4588-8842-3d5c92e468a1,4.389026080537588,4.373135441076011,4.388935487885028,1.4690067614091548e+23,1.7830513995414844e+20,5.170448357053266e-07
3d6c8625-296a-4c23-914c-799e0ecd7c71,4.245200601406395,4.330738654732704,4.261347887348384,2.1172123633852717e+22,1.3108621018524827e+21,4.441628020262371e-08
96a4bf18-53a4-4bd1-9822-0e60e63041c2,4.207032947894186,4.424080607760698,4.334684091527015,1.4488900676242198e+22,2.4542805932243445e+21,2.190202286348024e-08
0a54ad12-0bfc-4f8a-b56d-d742a868635a,4.3521928075701,4.27863206807524,4.4780139870755375,2.0650108434205796e+23,1.7391293502180937e+20,1.8479224453083564e-07
a9864988-f5b4-46ca-b4b6-ef025d5396d6,4.475600782781839,4.472072510048747,4.232871718909591,9.324807898536281e+22,4.6792687641288914e+20,8.899536243020755e-07
2eba3814-9879-4ee6-8185-483682986138,4.3276734466664495,4.223462349828333,4.352334294263273,3.208505684514002e+23,9.120802460151269e+21,7.525639622312905e-08
57df9dbf-b0ba-4f0c-ac82-ba930b18bce2,4.327864723652601,4.357595781236887,4.340762375071645,6.485303350965347e+22,4.203969087151704e+20,1.5097873941343628e-07
6d7d55b7-1376-4593-b9ff-6c44a1d9fdaa,4.475111995171756,4.343358327727765,4.471905142553151,5.162494596499615e+23,5.724751888954547e+21,1.756543463835345e-08
ed5e24be-378c-4dfc-bfc3-5ada67737840,4.350228018220514,4.445394814107567,4.23079314019531,1.319789757672156e+22,2.2051053542725685e+21,3.457601747667744e-08
92266613-2172-4a99-be63-b26cc505fea9,4.209295319393277,4.253068981133402,4.354318835437298,2.5367034467681177e+23,1.0916008171865353e+20,4.0136694026999945e-07
6f7b5b85-023a-4414-9c47-e4c78c62571d,4.246275076735765,4.49757594158873,4.4435559039935475,1.2996128986931564e+23,2.8503952599006285e+20,2.558083622447067e-07
04f07b16-3130-4a22-9d9f-e1e88a89d5d9,4.388249187357724,4.202051870897413,4.304288157820702,2.4698191378032884e+22,1.4607092038803566e+21,3.0233733440504284e-08
6cb0e89c-bac8-486e-a0fc-f5e9b9b708c8,4.437090822122991,4.40032865870744,4.3828604892641305,6.271635378110557e+23,5.435078414483875e+21,6.281386092358733e-08
4b06cc0d-6667-479b-aba4-d0b573ebd8b1,4.290884963516146,4.301789451856166,4.26745976883918,5.1177998616452305e+22,7.661399270912897e+20,7.440620032623424e-07
6bdedc35-cd53-4ba9-a9ca-b2a4ae526b80,4.296378980576992,4.44327300908044,4.4009719436243175,2.152116708854301e+22,8.139607437098647e+21,4.857501584952999e-07
51528318-265c-4e28-a53f-43b90fd3b0d9,4.450639754813165,4.260614858753979,4.281762769892811,1.4931443845948705e+23,5.1994983101765675e+20,5.4653150444304364e-08
e5157bc2-cc70-465b-a81a-8f717c3caf35,4.423919558431953,4.3787649918347595,4.4296911785006525,3.2842881545820764e+22,1.3500961746462607e+20,1.1099313295570763e-08
41b1dd9f-fbdc-415c-a7e3-59d524befb15,4.266561717912555,4.317945220973343,4.285599077008665,9.783876183605133e+23,3.135272550202608e+21,1.2516269254675825e-07
38bb4014-953c-480e-9f21-5b32d947f04e,4.228558860439807,4.410950849018991,4.245177468657493,3.3923567122447675e+23,1.0251063371727412e+21,8.211823731689868e-07
a2c0de2a-1b50-4c49-a7fb-4762bd4998fd,4.3869214916601775,4.2845793248154225,4.372511621080339,9.858252380369807e+22,2.299636146146865e+20,9.428203301576137e-08
aa5a2797-fe2c-4f1e-a957-691a4dd0f65e,4.4876378266140815,4.466157116275281,4.32212288338691,2.1830778958983798e+23,6.181060147646005e+20,2.0209544906386343e-08
1fbb03d3-088d-4254-928a-9fdbf2932003,4.334381844196469,4.236550728231669,4.45809001006186,1.5318530933059037e+22,3.8142753361741475e+21,2.3150970327691447e-07
d7921949-ca4b-4303-b34c-9c1f750af11c,4.345269518997521,4.4795336343348024,4.276859469618648,7.125291649631736e+23,1.2863650061091956e+20,7.863337232110962e-08
e701421c-158e-4183-99a2-dc1fcf763a9b,4.495503688976169,4.22185946283862,4.408001709226519,4.369923827716394e+22,1.8713023772732398e+21,9.15360276157577e-07
e6981958-e9d0-4c99-8fbc-ffcdb2080e3d,4.376784507930279,4.4174792231060565,4.29691400649026,1.1072053310885826e+23,6.716009704018335e+21,1.800802708601679e-07
65fb9365-1b96-4da8-a14a-90e9956d1ca6,4.2199422243051234,4.281716672144831,4.420439237784595,2.812313727505754e+22,3.583850619483668e+20,2.0915810535128254e-08
aeff8505-1417-4b29-8d03-9de7eb96590b,4.258108880929649,4.374738332536071,4.379477941114455,1.0810083909852444e+22,8.670533753912762e+20,4.251186779163754e-08
887241e3-a81b-4d1d-ab17-703ce9a0fade,4.413616784010083,4.323277543857694,4.240210660826414,2.7645557064441644e+23,4.803016316372623e+21,5.027280274268679e-07
533b0a01-8f89-4372-998f-3f15023fb1b3,4.458671419043094,4.427344493754208,4.448774561788887,7.0837348276671215e+22,1.6604736688844374e+21,1.0438810108173364e-07
898e0045-6018-49d2-a704-dfee89fd3112,4.307102867402136,4.272868568915874,4.333374367300421,4.218977506643838e+23,2.507568490699553e+20,1.237229839912332e-08
ce627fc3-e957-4897-a8a3-03d848cbd715,4.2806610113941135,4.396168108005076,4.466969576124102,1.790150375602302e+23,2.672468027856749e+21,2.5300808313844723e-08
dec1f8f3-4c3e-47fc-8d91-6b82edd5dd5f,4.428570323064923,4.306987874396145,4.347760930266231,1.6712945578267808e+22,1.583731096257747e+20,2.8482562499907885e-07
2fb75c0b-b550-4b56-92f5-c3523b1bb6b8,4.399187218397856,4.481806503608823,4.36566503925249,3.709489152552039e+23,4.412332164779967e+20,5.781193369759234e-07
cd843367-6147-409f-894b-b1c0d09aa084,4.254081432055682,4.214464649464936,4.221573401708156,8.065733345160674e+22,9.591371182531865e+21,6.522871368639722e-08
ee7fd947-ff0e-4519-b0bc-982dbcfb1b90,4.217230846546591,4.458914378844201,4.311223205458373,3.727066380883651e+22,3.355340739593921e+21,1.3647886639787334e-08
bd6e2b02-c30e-4aef-92c5-897ddb5f4f6b,4.361038873437792,4.2385207713581625,4.438556891996414,8.344902791093528e+23,7.026245647567668e+20,1.5678371593671882e-07
17264b85-3a15-43b4-8ea4-75780e9ed962,4.466718665231019,4.363974233251065,4.258176584783941,1.831468199369327e+22,2.0320269594266878e+20,3.3587854425703583e-07
0657a551-591d-4b03-a2b5-f2619af97ecd,4.31751159299165,4.340345761924982,4.394143185522408,1.69825965634436e+23,1.1599879778674282e+21,3.8498275202297464e-08
64bf5d20-9d3b-493e-9f4a-d19f9cd6af98,4.3160396830178795,4.448984504956752,4.4247123165056115,4.862234555969932e+23,8.51713023521624e+20,7.257128430969416e-08
9d3f0a6a-98d3-415f-80b9-1c135ae62943,4.468185874633491,4.247283385880292,4.292553898841143,6.881678931480473e+22,4.889521261478836e+21,6.448244572645505e-07
428a60da-2482-4868-b499-32b0f53152cc,4.366593780554831,4.354007666185498,4.404681528136134,3.1295289993872255e+23,1.4124884871333104e+21,2.9555050742834653e-07
c7e0c136-56e3-4884-a94d-09d21936f2d2,4.2116806847043335,4.349144926574081,4.280140229202807,1.0692192874350995e+22,2.9478076079924697e+20,2.6201837326852825e-08
712fa798-68bf-4417-bb3e-02f983768b8f,4.248512811586261,4.40611425396055,4.320968607291579,3.082876209631971e+22,1.055273177788799e+20,3.994771621630014e-08
ecc824e6-071d-4102-aa74-614812089309,4.404760289099068,4.298199761006981,4.4612519842758775,1.0417227621204845e+23,2.2810962712679046e+21,3.478416471079123e-07
c9e1445c-c26d-47ee-a2d6-91f19b5b2250,4.430019361060113,4.491789342742413,4.251664029769599,4.705511577709027e+22,6.362355663985116e+21,1.7443157426801642e-07
9bb30c2b-7025-4dbb-86fe-f90f52e408e5,4.2792075499892235,4.205639985948801,4.368080365508795,6.8252169223988e+23,3.7830673739234175e+20,1.5222684963081992e-08
ffbbbddd-80ba-41ec-bfd1-7b56a7f0688c,4.307993165496737,4.384697929769755,4.233486849814653,1.6139556913080163e+23,3.944490266955059e+21,2.3329239520833383e-08
9829485b-9f85-4b1b-bf88-4426d5a7d0f2,4.45777673330158,4.314503445010632,4.353711673729122,1.9920706409918814e+22,5.976802725605739e+20,2.003504177556533e-07
30a4d31e-89f1-4466-abda-a506b32eb531,4.407471113093197,4.437340784166008,4.334767638184131,7.789967191509261e+23,2.0685876823400743e+20,9.479629162104173e-07
46761a1b-0524-455f-9c33-939bcd9d80cb,4.264259037841112,4.264057919941843,4.479875343367458,4.127395978555126e+22,1.1394844255228955e+21,8.159388548360633e-08
e0e0a427-3a34-4a57-80b8-7b44bf1fbce4,4.226110838726163,4.4695988922379914,4.390362425483763,8.040359232562069e+22,2.821071062682081e+21,1.281291145837072e-08
f2031abc-5860-4950-a222-1cb22c604067,4.370620674546808,4.230617790296674,4.262012642249465,4.1568730048097535e+23,1.500307031806393e+20,1.0831872972413915e-07
dca5fca8-5790-42ec-ad03-bd9d3dd597ab,4.494627175759524,4.407507787831127,4.443417003005743,1.6365420698004068e+22,5.378490350945595e+20,5.607341598305473e-07
0ae2d2f1-386b-4335-9a43-4acfa419ddbf,4.346141367405653,4.290511549729854,4.306434261016547,2.0423498156451353e+23,7.868449993672003e+21,4.72972914045927e-08
93cf08d3-8dbf-47b3-88ac-aad7a4436988,4.338206373341381,4.420921928901225,4.358678451050073,5.345902102769279e+22,2.604861989285763e+20,1.2058666453667139e-07
a02c6b74-472d-4b00-9fcf-c31387ac0f3b,4.483817998040467,4.275784664042294,4.22652056125924,5.8279400291973883e+23,1.5983973845834864e+21,1.0720664988130355e-08
37c8e3e1-9841-4005-9222-47beff690d45,4.379013393167407,4.476091646030545,4.4686238909326494,2.626503177020126e+22,4.3010618251902777e+21,4.9109569081742874e-08
5cefa630-45fa-4a89-852b-8a1799051222,4.236462213657797,4.227792760636658,4.344083055946976,1.1861584919816675e+23,9.681404681395507e+20,4.3562423143581976e-07
002badd3-405b-481e-913f-b1253fc18114,4.274483529757709,4.433276501856744,4.254982846137136,2.563368130752473e+23,3.210225645694399e+20,2.0802814049122275e-07
4abf571e-f846-40fc-9aee-cc94286ffd03,4.415993296355009,4.269425863120705,4.39526575723663,1.1652373159530033e+22,7.496869268454438e+21,1.8123982958503497e-08
11ea7c7f-b5dd-4131-a1ca-d35f44df3723,4.4468380976468325,4.368805034738034,4.315686233211308,5.310803305738937e+23,1.9444469835226934e+21,9.083540811519439e-08
cf070d83-0f46-4714-abbe-22b91d3be9cf,4.300185061153025,4.326719532161951,4.43210204301402,5.624061394899065e+22,1.2379322608640565e+20,7.93164714497847e-07
5bb00d7a-6c11-467f-bca4-9c4859d8a407,4.287659784592688,4.487593457847834,4.297552942316979,1.3419606046052719e+22,1.2953641242408468e+21,3.8767275023424945e-07
1e54dd4a-2b1a-455d-919e-5b780635d5b4,4.440320388693363,4.2108763176016515,4.417777238357813,2.228302041887552e+23,1.8198555809186765e+20,3.331204477251308e-08
06786c59-010f-447a-8110-399514c15ad5,4.396729166898877,4.390382725093514,4.268857502434402,8.792163071426001e+22,6.763810238786018e+20,1.57527398592037e-08
c26b0f18-737d-4c9f-84cb-9d13528483f8,4.237790611200035,4.3105772053822875,4.413964743670077,3.400968722054649e+23,3.4856506911031773e+21,1.3566524211937367e-07
bfc2f3de-63cb-48bd-a551-1f245eb768eb,4.20079239634797,4.3675625651143495,4.454253460559994,8.840344542076643e+23,9.230570875563526e+21,6.672801035683436e-07
47b17096-dba9-4d94-a5ca-545fc6d7377d,4.358726160228253,4.334558807685971,4.325904143210501,3.5202898549389625e+22,4.58495983305361e+20,5.6442525799957287e-08
18bf000c-2f03-49a9-bad1-2cbb36d96b7a,4.478323389217257,4.455325047858059,4.377300073485822,1.3734646355470255e+23,1.768055051840812e+20,2.9202324609370563e-08
fa8d7387-54bd-40ed-96c1-e39bdc0e35a1,4.324657994415611,4.244306154269725,4.24031785743311,2.265766069930361e+22,2.3941088694567714e+21,2.464558281642436e-07
dd6f6745-d924-4d58-a212-20c122dcb6bf,4.3228043566457925,4.49328311495483,4.3711338449828325,2.3036997585021064e+23,5.091818885320444e+21,8.376327196256518e-07
f73e4d7e-e586-4b5b-9f0f-e111665b671c,4.480171342939139,4.207520569022745,4.246592996437102,1.399608421269684e+22,8.251475720779341e+20,9.922181854321903e-08
9fc4306f-2598-4509-92fb-b2ff85c2e1bd,4.356915440037847,4.40314033376053,4.456164585892111,3.5791153715336646e+23,3.0702563059425785e+20,1.9183176662695394e-08
6c419382-1507-4de8-bf98-fc9fbf59d46f,4.2026088810525835,4.295466166175902,4.324006713535637,9.00826995600059e+22,1.3686011916603891e+21,2.267239607317997e-07
3b6dbf87-a866-4176-a705-933fb46dbae2,4.240629048831761,4.35213108016178,4.283180302623659,3.594673442812988e+22,2.3535430209372532e+21,4.6108084199758366e-07
c5460b2b-0493-4ced-a682-91fb655ab62f,4.393894196022302,4.347655150294304,4.399596129860729,9.272080701071771e+23,1.0134895999020473e+20,5.3523353810746584e-08
a1da9790-62a2-4f1e-b802-2b536fc3cb27,4.443192584160715,4.451722113601863,4.287484865617007,2.3551400668880636e+22,3.903831047847578e+20,1.1321663151197148e-08
40d9c30e-0031-41ca-a983-c380c0d563cd,4.28478418495506,4.250261321011931,4.427767763156444,1.4151573157316011e+23,6.11118628147427e+21,1.3172038972922448e-07
f8245e5e-113e-42b9-aa06-d02a839ed591,4.303020635526628,4.410535576287657,4.301347606498748,5.94439304903761e+23,5.738534862698082e+20,2.6949493708402776e-07
f202cdc3-02d9-41d8-bc95-c45fdb2c1b31,4.443999119102955,4.293193726055324,4.4464548612944785,5.60068189806606e+22,4.0709074820041125e+21,3.087192159257245e-08
348f5a0d-002a-4d69-ab56-3c24903e5309,4.418868355080486,4.468012341856957,4.2650668655894695,1.2315623609660914e+23,1.094193488175672e+21,6.158023890876713e-08
fa4d3a41-bcf0-4595-b22b-42c03544f1c2,4.271611937787384,4.228832113277167,4.385291144195945,2.7031908791245584e+22,2.1352227882768767e+20,7.07018890101167e-07
fd130328-c27d-48d4-9d89-12cd882c5b87,4.2346148723736405,4.434654610790313,4.474806062188,1.2060207450189466e+22,1.4539209901011585e+20,1.480136539854798e-07
c66a6d3f-e884-444f-b120-0753d37ea283,4.38086649896577,4.261026135552675,4.33782382870093,2.6764914913213717e+23,2.9369651142348846e+21,1.6690934643453163e-08
56d00f87-ef6a-4613-98f4-a3a93866e438,4.482000981364399,4.386479592975229,4.356751499194652,5.925310319102363e+22,7.626108909871663e+21,3.6425957502532175e-08
a43bd652-bfb8-4238-a388-29e7be9429c0,4.340017705969513,4.3160859804600475,4.228402195405215,5.447463527631908e+23,5.6003297167748576e+20,4.098390877927083e-07
1d4ebd2b-3edb-447f-8d78-d46d461de572,4.347811327502131,4.371931235119701,4.437171645760537,1.9333824135879165e+22,1.5487601416940183e+21,1.3920309899420465e-08
46eb3ced-007c-483e-8f4f-732fdb8132a4,4.492962899710983,4.329605407174677,4.312630333267152,1.552707559383477e+23,2.7130162309998818e+20,1.6498660263068187e-07
8d6a5683-4631-4f8b-8377-1f7a959e9c09,4.3723221036605535,4.431641898024827,4.392226222343743,3.935210031199553e+22,9.379277077361467e+20,3.187981093552972e-07
aee12ee3-877f-47f6-9dcf-4ef660d12058,4.224403645098209,4.26740444842726,4.260067822113633,7.628775209665386e+23,4.479093997873281e+21,3.769979395575529e-08
acba986c-e6e9-4d93-b126-1955960db2ed,4.261236922536045,4.473210912477225,4.349170001037419,4.057148370106774e+23,7.201042918847925e+21,2.4014193476385416e-08
c8ae74c1-660c-45f6-bec1-e436e691347c,4.410489761643111,4.22467170059681,4.4655863542109735,7.640162599081302e+22,3.312646940258525e+20,2.789180746502848e-07
137b51d0-bc9f-4e92-a285-17630e4aba49,4.454795246757567,4.422948501817882,4.223466659486293,1.9582296337041376e+23,1.1888948740774814e+20,5.896592252569663e-07
43c659b3-3b90-4e8e-8376-433769814590,4.310978056211025,4.27742442721501,4.363750022910535,1.5829787584513935e+22,2.0062360912755276e+21,6.864144326162682e-08
bb460bcb-09da-44ae-8f03-e7ae940a75bb,4.276189442351461,4.457054575625807,4.237277578674257,6.709042769096891e+22,1.8784443505021996e+20,4.4789537450733595e-08
3bc467db-b011-47eb-b1ee-a1c9fcd67330,4.43304087286815,4.246234808675945,4.382385297417641,4.615030656267562e+23,1.2438987540063474e+21,5.133759251563279e-07
b8e28361-69ac-4065-a854-422bf3421e01,4.401774794887752,4.364384928345681,4.33097300209105,1.024027664022698e+22,3.5974280697320057e+21,1.0234518040356016e-07
fbe4ca72-378e-4959-9593-113a52aa8240,4.251494839042425,4.331726783048362,4.45119780857116,3.0237006603696446e+23,6.494057679804039e+20,1.1757169889961341e-08
2bc0559d-d2bd-4416-a9b4-40a67600013b,4.213345492724329,4.388448929227889,4.410911089852452,1.0121693037347776e+23,4.7739884293732696e+20,7.709450143688038e-08
7e556e74-b60c-416c-b79a-d044bfd9f538,4.3649232080206275,4.308842537272722,4.273928330428898,2.969221590593056e+22,8.946440706741678e+21,8.698499346525558e-07
2252777d-d457-41c3-bffe-9ff25deafd02,4.46989245582372,4.490420324262232,4.422864431403577,6.51473600818184e+23,2.492505314795122e+21,1.8972853806518586e-07
6e8b0cd7-fe55-4663-9a43-e38917475776,4.314338785875589,4.214048795029521,4.294514661729336,4.613325888548228e+22,1.7133598761072414e+20,2.1358807186200997e-08
8ee496fb-b2a5-4feb-9b96-f45a27056b1f,4.320493656210601,4.397206892911345,4.264404127988964,1.7276035058136615e+22,5.907394747119621e+21,1.3080586253364787e-08
dacab270-7f71-4f68-9ad2-b11434c0cc88,4.46373320678249,4.298908011429012,4.387929345723242,1.867313144535353e+23,4.038078035701277e+20,1.1415448542985534e-07
9b9eef36-8e3a-413d-98ad-55f5f1a048c2,4.364060421008617,4.499214980006218,4.309373379331082,8.489412980274407e+22,1.1262893908907735e+20,5.327045306292815e-07
7552faef-187a-40dd-9b53-1939ccec7275,4.214212774671615,4.204077720176429,4.440515636373312,3.8001339332765174e+23,2.117757000683911e+21,4.6384799692197767e-08
c3ca7341-f5a4-4a9d-8e73-f34b696ab247,4.252380570676178,4.4482802683487535,4.351280536931008,8.520027011338892e+23,1.5213587893783974e+21,2.2163066733443218e-08
fa5a4424-df28-478e-91fb-2acb3ef48423,4.400893835350871,4.256194761861116,4.235880359876901,3.909636220546125e+22,2.761879323476771e+20,1.9648518106669828e-07
cda65ac7-4282-4656-b288-37420a20633d,4.4268997862935064,4.355573929008097,4.476975997183472,1.76549744822562e+23,7.978519651819924e+20,9.677665300090599e-07
446eb9ac-f160-4719-9c53-adffb3c07341,4.282325855176896,4.3417232852429155,4.337708703335375,1.8867980175000337e+22,5.265462665873975e+21,8.598984009893907e-08
3aec4305-abef-4b71-8e60-e7335b471867,4.3053957095369695,4.464423153921961,4.463174983616919,4.456619636583328e+22,5.039447205912727e+20,4.2049678915331205e-08
6e21f6f8-30f4-4e26-8a97-7d5660d50121,4.460372883919627,4.234617639239878,4.319083359632641,7.465921354470835e+23,8.475181711565391e+21,3.5468435294989457e-07
8ee0055e-5472-4fb1-8ed4-b1f48857765a,4.411952543724328,4.414124051202089,4.369455732274801,2.9203721133649283e+22,3.038283656942368e+21,1.7086214360062146e-07
cdb6af4c-b43b-46db-8b79-f093fee4bae7,4.259778876788914,4.287406914867461,4.2502470689825715,1.1393734392379939e+23,1.405584996647666e+20,1.444447404718517e-08
f9ad86d6-a42b-4ad9-9f67-476de76ac489,4.222927150782198,4.380694067012518,4.290670675504953,2.8609114121938712e+23,2.208271680060665e+20,7.108622062265541e-08
d193eafe-0571-4bc8-b0b8-ec7582ac1b8b,4.373803057149052,4.319675168395043,4.42663725880906,1.1288731972673395e+22,1.0581093098231617e+21,6.11860023221534e-07
86a6f213-661c-4821-bd69-ee585093f4f6,4.4985223732888695,4.440441421978176,4.278725215252488,4.445591838474213e+23,3.6621531159565765e+21,3.11101663195083e-07
c2c7c321-506e-4e05-a628-df110ab1fe7d,4.342247439455241,4.257437660638243,4.406058915350586,7.264992988547131e+22,6.379269615187506e+20,2.6717285481613115e-08
ca8a2eb2-c4c1-4e4a-9785-4fa911d83551,4.331510216463357,4.4258554422296585,4.328303098119795,1.4493576516845987e+23,1.7972072317751006e+21,6.811723986385389e-07
8eef6f40-d8e0-4017-80a3-571729460c51,4.490512849576771,4.270992706529796,4.451828779801727,2.070155774905596e+22,1.3272188317315174e+20,5.947923100990419e-08
de755549-21d5-4cc9-9355-2858c4241594,4.384082477353513,4.377716973423958,4.243248513787985,9.327000381250157e+23,3.442371571754351e+20,2.7740627649785867e-08
96e443a0-23fc-4068-9f65-ac23365004b2,4.2313943990506235,4.326015859376639,4.374391298703849,3.2167795272027363e+22,6.930403506238548e+21,2.416840501012703e-07
10a92aca-6ee8-41ac-83f3-588ecfd75cee,4.268373014777899,4.419360243715346,4.4153545625507835,9.623108947030081e+22,4.6532101662550807e+21,3.6826803944983716e-07
5e4d4742-ef01-433c-b277-d51b25f0f41b,4.422102505993098,4.283210883010179,4.299953859560191,3.2230529740394467e+23,9.029271460206759e+20,3.266708052269049e-08
e066f330-b100-46d9-983d-c61569d98458,4.452492824848742,4.476800460275262,4.41105792734772,1.4685517965305854e+22,2.4296549014636334e+20,1.608069568402778e-08
3adda371-1dc8-41cc-a8b8-97f4ea83f742,4.294531603530049,4.2188859622925525,4.271790167614817,2.1119243779388428e+23,1.7294470948597103e+21,1.4296430040523908e-07
2b02e45f-e509-45e8-a276-564767c8336f,4.292701412457973,4.360941724106669,4.3971812864393,5.033690364464496e+23,1.6487924771746293e+20,2.1898952043416268e-07
4623f6da-63a3-4e3e-a976-d4734fd6f936,4.435280066169798,4.337658864911646,4.253089198507368,6.15471754916791e+22,2.5898402208672834e+21,1.848181478447611e-08
cc42e475-4bfb-432e-8f1d-0e9dc37ae401,4.390097105316817,4.46049620853737,4.4334858707711104,2.4291474114376794e+23,9.986979752242483e+21,8.898287624860144e-08
e46ef83c-57c5-4569-b6e0-3885a18f17f4,4.24442140320316,4.240301727689803,4.314276679605245,1.2753383543887001e+22,4.27643899927366e+20,7.526696016270017e-07
df9bbd53-bddf-4cf0-bba8-12dff0d0c87d,4.206419683992863,4.484488242398948,4.22462887596339,2.400089830881818e+22,7.25143471187795e+20,1.1812733775152513e-07
3b3e7745-975e-4d8a-9c53-5aabe27af918,4.35310017792508,4.217491999268532,4.3605959852039815,1.2515243935623982e+23,3.2215805985462273e+21,1.0173322686106817e-08
97ace833-c498-454f-919b-910c9d2ccb74,4.4722769885323945,4.394382010214031,4.342675511166453,4.884299923710834e+22,1.1973539221237966e+21,5.169722891120071e-08
73dffa07-c792-4144-8538-64a639b96c07,4.3307031255215405,4.305400904361159,4.470009677149356,6.149634538588844e+23,1.9512593142659806e+20,4.4422513890320965e-07
ae7cb291-79e1-4da9-a844-6f00db2d2741,4.33054975848645,4.393820571620017,4.388520492762328,1.8980792392693295e+22,7.717095397909766e+20,1.8706817948561805e-08
9cd68ef9-73e7-46d6-ad08-256ba0f10353,4.4727190003730355,4.304640051908791,4.263725886158645,1.755976144500078e+23,5.493038445162977e+21,2.1830841503916754e-07
06ad46c5-d672-4156-bdbd-198f71fa4291,4.352685673255474,4.484146458283067,4.441067251004279,3.862407219697702e+22,1.478165284806314e+21,7.601215960305669e-07
b7201fb2-ad77-410b-a7c5-a4399143aa2c,4.206545626558364,4.216804318036885,4.308655324205756,8.62898010469359e+23,2.868263798182236e+20,8.890581444864724e-08
